发布时间,BV号,AV号,标题,作者,分类,标签,aid,点赞数,投币数,收藏数,分享数,播放量,弹幕数,评论数,时长,简介,标签数量,原创性,动态文案
2026/1/3 0:00,BV1hqicBCEdZ,AV115826359341703,【初音ミク】}uされた空の【真mかえで】,百合D奈奈,原创,VOCALOID，初音ミク，真mかえで，vag8qGl5cAk,115826359341703,21,0,20,1,238,0,1,2:24,https://www.youtube.com/watch?v=vag8qGl5cAk ? -------------------------------------- 第4回プロセカULTIMATE昴S曲 #プロセカULTIMATE   BPM:150  歌 / 初音ミク 他 / 真mかえで  □X(旧Twitter) https://x.com/mamiyakaede   □inst まだ  歌~ Zった感は想像をなぞって消える 表Fと共Qしたソフィア  あっ、止められた世界でWは空ろにく箱庭 ふっと、いたあのいは未だ意味を可化したままだ  菠欷棵魅栅颏い钉胜盲可は届いた？色はg`っていたけど いつか君が失った物が捉えてずっと交わっていたから  （大成功いつまででもそう？やめだしたらもうwび出る^の中往々したまま消えちゃいそう漂ってそっとずっと思い出してる あ`でもないこ`でもない途切れる染まる君の世界の中で造していた形をせて迷う今も傍にただ居たいから）  Zった表情に造は{ってとけた 表Fと共Qした空は  （双方向韦压怦lけ出した左怯える体はまだn咏窀逃げないよう彷徨ってちょっとぐっと届き始める そうでもない？あられもない取り消す理想と化す一度きりの人生造していた明かりをせて守る居鏊同じrを刻む）  mall：k4ede.m4m1y4@gmail.com  #初音ミク #vocaloid #オリジナル曲,4,转载,
2026/1/3 0:00,BV1xMicBYEN6,AV115826409607926,【初音ミク】バルビタアル（！）【もずらいと】,百合D奈奈,原创,VOCAROCK，VOCALOID，初音ミク，もずらいと，sm45794751，バルビタアル（！），post rock,115826409607926,16,0,16,1,396,0,2,2:23,https://www.nicovideo.jp/watch/sm45794751 歌：初音ミク 他：もずらいと   ※特定の行椤⑽镔|、手段を推X、h明する意恧悉りません。,7,转载,
2026/1/3 0:09,BV1WgicBwETE,AV115826459935087,【重音テトSV】リセマラ_\法【るの】,皮泽坤,原创,重音テト,115826459935087,19,0,10,0,203,0,0,5:10,https://www.nicovideo.jp/watch/sm45795377 https://youtu.be/Yz4B4-golCE  词曲/曲绘/视频 るの  演唱 重音テトSV  投稿时间 2026/1/2 18:00,1,转载,
2026/1/3 0:23,BV1BnicBsEay,AV115826543886750,【乐正绫】捕捉胡萝卜结算画面*^o^*,雨故漫川,原创,灵魂COS大赏，胡萝卜，VOCALOID，可爱，乐正绫，中文VOCALOID，禾念，Cosplay,115826543886750,35,2,6,0,107,0,6,0:46,BGM：BV1zp4y1C7jB[春日纪行] #致歉一切轻点喷( ‘-ω?? )  小叨叨： 第一次画cos妆竟有点成功【自豪(????Δ??)?】 但是假发不成功，还搓了一个下午(@????? 3 A?????) 果然人忙起来就不怎么看手机 拍的生活都是喜欢拍照，没有怎么录视频，只能作PPT了( ‘-ω?? ),8,原创,?(?òωó?)?
2026/1/3 0:36,BV1qHicB9EUB,AV115826594218480,烦死了,东北老蒋,原创,VOCALOID CHINA，原创音乐，新人,115826594218480,8,2,3,0,236,0,1,3:16,-,3,原创,
2026/1/3 0:56,BV1n7icB4EVy,AV115826644490806,【重音テトSV2】ウェカヒ?ホ?/SOUL'd OUT【Early(あ`り`)】,百合D奈奈,原创,重音テト，VOCALOID，sm45795281，ウェカヒ?ホ?，SOUL'd OUT,115826644490806,10,1,9,1,70,0,1,4:12,https://www.nicovideo.jp/watch/sm45795281 ア アラララァ ア アァ！けましておめでとうございます。  イラストはトレスです。}さんてすごいんだなって思いました。  本家 https://www.youtube.com/watch?v=2IZbzRj3CJk    X https://x.com/Nagasiu_mix  使用デ`タベ`ス synthesizerV2 AI 重音テト VoiSona 雨衣,5,转载,
2026/1/3 1:11,BV1n7icB4EYs,AV115826644490227,【重音テト?初音ミク】鬼バイト【Kish.】,百合D奈奈,原创,初音ミク，重音テト，VOCALOID，Kish.，鬼バイト，8l6k3OmnqUk,115826644490227,23,0,12,2,147,0,2,3:00,https://www.youtube.com/watch?v=8l6k3OmnqUk サムネおみくじは１日１回?? あなたのY果をコメントにいてみてね  XNあります（まだ秘密）  ＝＝＝＝＝＝＝＝＝＝＝＝＝＝  明けましておめでとうございます いくらでも豆を投げていいので 色々考察してみてBえたら嬉しいです  ＝＝＝＝＝＝＝＝＝＝＝＝＝＝  ?Kish.のS曲シリ`ズ? 【まずはここから】 ボカロと人がうたう　あらたな音S ?? ???ボカロと人がうたう　あらたな音S??  【世界を旅する国シリ`ズ】 ふしぎなせかいへ　たびだつ ?? ???ふしぎなせかいへ　たびだつ??   TikTok：? ?/?kish_worlds?? X（旧Twitter）：https://x.com/Kish_WORLDs instagram：? ?/?kish_worlds?? 公式LINE：https://lin.ee/qgP7Rm5  コラボ?取材?お仕事vSのごBjはこちら：kish.worlds@gmail.com,6,转载,
2026/1/3 1:17,BV1HLicBZEAz,AV115826661266563,【初音ミク】ボ`ダ`ライン-revive-【アメ】,百合D奈奈,原创,VOCALOID，初音ミク，C7IhGU5DnBM，ボ`ダ`ライン，アメ,115826661266563,12,0,8,0,44,0,1,3:24,https://www.youtube.com/watch?v=C7IhGU5DnBM レッツ、アメリ`モ(*???)☆彡 Music ＆ Lyrics ＆ Illustration ＆ Movie / アメ  2022年投稿曲のフルリメイク版です  ◇X https://x.com/koame730  ?1stアルバム　https://link-map.jp/links/FLdmyUg0 ?2ndアルバム　https://link-map.jp/links/t1pLkNGO ?3edアルバム　https://link-map.jp/links/xyTPo68F  #VOCALOID #初音ミク #アメ,5,转载,
2026/1/3 1:20,BV1rLicBZEYc,AV115826661332138,POISON (feat. GUMI),百合D奈奈,原创,VOCALOID，GUMI，nbZfSdWotRM，kokoro,115826661332138,22,0,16,0,132,0,0,5:39,https://www.youtube.com/watch?v=nbZfSdWotRM Music- kokoro Lyrics- kokoro Arrangement- kokoro Vocals- GUMI,4,转载,
2026/1/3 1:23,BV1ngihBCESf,AV115826678044098,【音街ウナ】ゲッチュ【YuffieOrange】,百合D奈奈,原创,VOCALOID，YuffieOrange，sm45794339,115826678044098,11,0,12,1,77,0,0,2:34,https://www.nicovideo.jp/watch/sm45794339 君を、盗（つか）まえる！！ Music， Lyrics，Video : YuffieOrange X→@yuffieorange illustration : aL X→@hunatara_73 Singer : 音街ウナ,3,转载,
2026/1/3 1:25,BV1HuihB5EYF,AV115826694820911,【flower】ラカトリズム【ふぁるすてぃ】,百合D奈奈,原创,MARETU，VOCALOID，flower，ふぁるすてぃ，RBeI8TvzZkU，ラカトリズム,115826694820911,41,2,56,6,367,48,4,2:42,https://www.youtube.com/watch?v=RBeI8TvzZkU Project.ISΣ 009 [ La catrina ]  「怪物に名前を与えた少女が、代に骸骨となった物Z」  download & streaming 渲  『FALLSTAY SHOP』CD & Merchandise https://fallstay.booth.pm/    サリア？ ?? ???サキュバシズム/feat.flower??  Project.ISΣシリ`ズ ?? ???Project.ISΣ（イズムシリ`ズ）??   インスト音源 https://fallstayp.fanbox.cc/posts/111...  MUSIC：ふぁるすてぃ https://x.com/Fa11_0r1z1na1  Illustration：トミズ https://x.com/Ichiban_no1  MIX：かごめ https://x.com/kagome_p  movie：搽t https://x.com/s_murakumo13  special thanks : MARETU   lyric 1. アタシがF女に名前を与えた F女がアタシの呼吸に合わせた ふたりだけの秘密 マリ`ゴ`ルドに 此I等で重い出がずり堕ちる  の中のF女は幻？ 庑gの秘策 肌にZ染ませて jまった言 探している 舞いったアニマ 神に祈るアタシ  "ディア デ ムエルトス パン デ ムエルト" 踊り狂えよ "ディア デ ムエルトス パン デ ムエルト" lのペルソナ？ "ディア デ ムエルトス パン デ ムエルト" その手xさない アタシばっか！  サビ. 韬簦 サリア！この莩证链踏筏 "あの日まで" ！此のgはカラベラ あら素常 jまって相性の代だ アタシlだ？ さあF女の名前おしえて！  2.　 アタシがF女に幸せを教えた "ヒトの生き方じゃない" "そんなことはいいんじゃない？" F女がアタシの[びを真似ていたんだ 此I等で想い出がバラバラに  Rの中のF女は怪物？ 庑gを刻むアタシ スカルなの からかった言 探している 重ね合った 神に祈るふたり  "ディア デ ムエルトス パン デ ムエルト" 踊り狂えよ "ディア デ ムエルトス パン デ ムエルト" lのペルソナ？ "ディア デ ムエルトス パン デ ムエルト" 韬 その手xさない アタシR鹿！  サビ. サリア！この莩证链踏筏 "あの日まで" ！此のgはカラベラ あら素常 jまって相性の代だ アタシlだ？ さあF女の名前おしえて！  韬簦 lか！この莩证敛欷筏疲 "Yまで" _花！此のgはカラベラ あら素常 jまって墼鳏象だ アタシlだ？ さあF女の名前おしえて！ 「──なまえおしえて、ね？」,6,转载,
2026/1/3 1:27,BV1HuihB5Eos,AV115826694820505,【真宵ヘキ】毒むみたいね【L谷川迷子】,百合D奈奈,原创,UTAU，VOCALOID，L谷川迷子，sm45796501,115826694820505,6,0,5,0,56,0,0,3:10,https://www.nicovideo.jp/watch/sm45796501 毒んでぶっ倒れるみたいな人生    真宵ヘキの音源配布先→?https://avogado6.wixsite.com/calogado/mayoiheki-001   原音O定：八歌（?https://x.com/yauta7577?） キャラクタ`デザイン：ボカロ大好きアボガド6（?https://x.com/avogado6_vocalo?）,4,转载,
2026/1/3 1:28,BV1JVihBrEny,AV115826711598260,【初音ミク】image【菲海 巡】,百合D奈奈,原创,VOCALOID，初音ミク，菲海 巡，イメ`ジ,115826711598260,34,1,40,1,348,0,1,3:43,https://www.youtube.com/watch?v=-737ClN4-d8 でも、大丈夫！ だよね！   菲海 巡（??? ????）と申します。七作目です。 よろしくおいします。  歌 - 初音ミク 他 - 菲海 巡  X（旧Twitter） - https://x.com/usumimeguru  inst -    歌~  Wらは失った分だけ、今を知れるから。 手Wれの数だけ、大人になるから。 掴んだ分だけ、xれていくから。 子供のままでいい！なんて、叶わないけど。  浃铯椁胜い长取それだけが不安で、だけど大切で。  えても手をかざしても眩しいこと  切なくて！！ただ切なくて... それもWだけじゃないこと 憧れても、ただ虚しくて。 君もそうだといいなって！ くだらないこと、考えてる。  hくまで行けたら、 寒さにえずいたら。 君とWいたら、 浃铯欷毪も！ それもきっと意味なんてoいこと わかっているけど、期待してしまうよ  居鏊なんてoいから 息が出来るように なぞった日々を描いてる Wらだけで泣いていよう  lも知らない鏊へ行こう 莞钉前にMもう れないねって笑おう Wらだけで描いていよう  ＜_なままで残したくて、 何度だって恧蛱饯盲俊 Wらがここでiいたこと、 形だけでもっていたくて...  「ムダなんかじゃないよ！」  r明じゃない未来をLして、 また^去にPって、幸せになれるなら！＞  消えない不安も救えない祈りも ふたりで`魔化していよう  Wらは何一つ同じじゃないから 何度手のひらを交わしても 足りないや  手Rり寄せた Wらだけが いつまでも 薄れていく  手Rり寄せた 言~だけが いつまでも 崩れていく  Aいていく  でも、大丈夫！ だよね！,4,转载,
2026/1/3 1:31,BV1pTihB1EvD,AV115826778706326,Shop with me / Vocaloid New Years sale !!,MandyWings22,原创,vocaloid，gackpoid，vocaloid6，music，megpoid，lilyv3,115826778706326,14,0,4,2,198,0,0,2:35,#vocaloid #vocaloid6 #megpoid #gackpoid #lilyv3 #music   I cannot believe I own them now !!   Saving up was worth it and the wait.  Gonna buy some more vocaloids at the end of each year now !! this was such an amazing deal. 4 Vocaloids. :V,6,转载,
2026/1/3 1:32,BV1iHihBKEj9,AV115826829104603,【初音ミク】空白のカレンダ`(short ver)【ねじ式】,百合D奈奈,原创,VOCALOID，初音ミク，ねじ式，AoRAn__3YW8，空白のカレンダ`,115826829104603,6,0,6,0,34,0,1,1:42,https://www.youtube.com/watch?v=AoRAn__3YW8 ダウンロ`ド/ストリ`ミング配信 Apple Music/iTunes Store : http://apple.co/37ptctY LINE MUSIC : https://lin.ee/Zf2fPUg Spotify : https://spoti.fi/3dKjtlV amazon music : http://amzn.to/3dpAGkj OTOTOY : https://ototoy.jp/_/default/p/649663 mysound : https://mysound.jp/album/433495/ mora : https://mora.jp/package/43000018/KRHS...  こんばんは。ねじ式と申します。  臆病になった世界の中で 今でも君にもう一度会いたいんだ。   音SCDプロジェクト【アカルイツナグミライ】уh曲の初音ミクボ`カル版ショ`トバ`ジョンです。  ＣＤにуhの川口タイガ`v介(ex.TAWAKE) ボ`カルバ`ジョンはこちらからく事が出来ます→ ?? ???『空白のカレンダ`』ねじ式feat.川口タイガ`v介(fromTAWAKE)??  ＣＤ入サイトはこちらから https://akatunamirai.base.shop/   ■illust / どいや ? ?/?sc6ueum??  ■踊O督 / おすぎ https://twitter.com/osugi_1223?s=21  ■Guitar / 楠本 正明(NOVELS) ? ?/?kussan_masa0903??  ■Bass / カナイヤスヒロ ? ?/?yacchin_bassman??  ■Drum / 河合としみち ? ?/?toshibow777??  ■Recording & Mix / VoxBox Studio http://voxboxstudio.com/  ■ｍusic＆Lyrics / ねじ式 ? ?/?nejishiki0221?? website: https://www.nejishiki.com/,5,转载,
2026/1/3 1:34,BV1esihBPE2H,AV115826862658768,【可不】せあいっこのrg【患者P】,百合D奈奈,原创,ゴ`?トゥ?大都会，KAFU，患者P，4HwhFnakyMU，せあいっこのrg,115826862658768,29,0,27,0,177,0,1,2:28,https://www.youtube.com/watch?v=4HwhFnakyMU 患者Pです。  某GUMI曲 のアンサ`ソング的な、自己解的な、アナザ`的な歌です。  }：豆腐  (X→https://x.com/204Karappo)  作~作曲：患者P (X→https://x.com/ReYamuP)  #vocaloid #可不 #可不オリジナル曲 #音S的同位体,5,转载,
2026/1/3 1:39,BV1EjihBzEFB,AV115826879370566,【初音ミク】女孩们的谈话与快乐扳机【シュウ】,百合D奈奈,原创,VOCAROCK，VOCALOID，初音ミク，ガ`ルズト`クとトリガ`ハッピ`，ewtC2RnLHMk，sm16683490，シュウ,115826879370566,76,0,76,2,415,0,5,3:33,https://www.youtube.com/watch?v=ewtC2RnLHMk sm16683490 by シュウ はじめまして。シュウ改めp糸です。女の子って本当の自分をして周りにあわせてストレスAめこんじゃってる感じ多いと思います。そんなよくある女の子の曲です。|って怖い。作~作曲：p糸（mylist/28044518）イラストはピアプロのnanさんよりお借りしました。素长圣ぅ楗攻趣りがとうございます。http://piapro.jp/t/GBe9前作→ sm16048091  soundcloud:? ?/?u3iau8fe1hgj?? 转写文稿,7,转载,
2026/1/3 1:45,BV1Y2i8BFELy,AV115826946479258,【歌邾妤】姐妹之爱【生足ぺろ子】,百合D奈奈,原创,VOCALOID，生足ぺろ子，しまいあい，歌邾妤,115826946479258,28,0,40,0,368,0,1,3:08,https://www.youtube.com/watch?v=n_uszaC1-Qc 妹  歌唱 歌邾妤 その他 生足ぺろ子 X ? ?/?@peroko_0320??   あけましておめでとうございますョ,4,转载,
2026/1/3 1:55,BV1v6i8BPETo,AV115827013584862,【GUMI SV】臆病者【スタンルジ`】,写生薄,原创,VOCALOID，少年，GUMI，スタンルジ`，SV,115827013584862,24,3,16,2,116,0,0,4:13,https://m.youtube.com/watch?v=SuV0GbsSSQk 2025年10月31日  #gumi #vocaloid #synthesizerv #gumi  #synthesizerv  #vocaloid   Vocal：GUMI(SV) 作~/作曲：スタンルジ` イラスト：くおん。  古希腊掌管SV的神！,5,转载,"我怎么会把这首给漏了呢？
不应该呀
"
2026/1/3 1:57,BV14Zi8BQE2q,AV115827080697717,ZいたいからZった,百合D奈奈,原创,VOCALOID，wewewe，W1rzgT8Ow4M，phonk,115827080697717,3,0,1,0,20,0,0,4:15,https://www.youtube.com/watch?v=W1rzgT8Ow4M,4,转载,
2026/1/3 2:09,BV14Zi8BQEiS,AV115827080697261,【重音テト】垌！???】,百合D奈奈,原创,重音テト，VOCALOID，kVpozHIk1ok，???,115827080697261,6,0,6,0,19,0,0,2:51,https://www.youtube.com/watch?v=kVpozHIk1ok,4,转载,
2026/1/3 2:17,BV1xcihBSEJ6,AV115827114252114,【miki SV2】花窑辏Acoustic Ver）【JB】,百合D奈奈,原创,JB，VOCALOID,115827114252114,7,1,10,1,46,0,1,4:09,https://www.youtube.com/watch?v=-P5Ez6MCBls 36作目のリメイクです。  冬から春へと心の移り浃铯辍⒕がいない世界の春の   イラスト：甲田たませ。 https://x.com/kinoeda_tamase  曲：JB https://x.com/JBKZ9,2,转载,
2026/1/3 2:31,BV1scihBSEmE,AV115827114252469,【重音テトSV】レ`ザ`バリア【タドスタジオ】,百合D奈奈,原创,重音テト，VOCALOID，タドスタジオ，bL1Nqx1mrCo,115827114252469,22,0,19,1,118,0,1,3:29,https://www.youtube.com/watch?v=bL1Nqx1mrCo ■作曲?曲：ヒデP ■作~：ヒデP ■Mix?mastering：ヒデP sodo ■illustration：AI生成 ■使用ソフト：Logic Pro，DaVinci Resolve ■twitter（X） : @tdkronkyo（https://x.com/tdkronkyo ） ■mail : tdkr.onkyo@gmail.com ご依m : https://sites.google.com/view/tdkronkyo   ■lyric ^の中がpまんなく散らばった を拾い集め 透き通った 君の声だけ]じzめた 心の奥のシグナル かすかに答えかける  シルエットeれている この距xがしさならなぜ妞出るの 苦しくて寒く訾à毪郅嗓伍gの中で  刹那のrgにやっと目を_いた 踞った怯えた背中が寒そうで 少しずつしい温もりでそっと 包みzんでとって  けた水蒸 静かな雨のノイズ 初めてく音がどこかしく思えた もしも君に触れられたなら 世界がKわるだろうか それでもいいと思えた  ひび割れたここをpい合わせるように 痛みのスケ`ルも覆いLす ほどのレ`ザ`バリアで 今こそあなたを守りたくて 掴みpねた小さな掌ぐっと腕伸ばし 今度はさないから一人にはさせない この光の果てで二人 きっとまた出会えるrまで     #オリジナル曲 #重音テトSV #重音テトsynthesizerV #タドスタジオ,4,转载,
2026/1/3 2:38,BV1xFihBnEU6,AV115827131028650,フォルテッシモ/星界.狐子,百合D奈奈,原创,VOCALOID，SHIDIE，drlHBIxcOq4，星界,115827131028650,9,0,16,0,49,0,0,3:32,https://www.youtube.com/watch?v=drlHBIxcOq4 SHIDIEと申します。  「あなたはlより美しい。」  music/YANA     illust/D里キリコさん  https://piapro.jp/t/X3JE  前作  ?? ???フォルテ/星界??   #星界 #狐子 #ヰ世界情w #音S的同位体,4,转载,
2026/1/3 2:58,BV14FihBnEg8,AV115827131027954,【初音ミク】みんなステラ【Shishy】,百合D奈奈,原创,VOCALOID，初音ミク，Shishy，1MvsC2h27Ug,115827131027954,17,0,25,1,94,0,1,3:22,https://www.youtube.com/watch?v=1MvsC2h27Ug 「みんなステラ」 ?? ???みんなステラ?/?うたのほし【新曲?music配信】?? ?@うたのほし?  作~：shishy 作曲：shishy  ``````````````````` lyrics：  沈んだ界隈cわす君の声は光 彼方の星たちの重力を・婴皮 いま笑いTったのは真冬のプロキオン  つめ合う瞳　地球とhる星たち スマホ]じて皆んなとる空にベテルギウス hり巡って肩寄せあう瞬gに、ほら 信じて生まれた奇Eだけを 君も光だす星　寒空でも  つけあってる菠欷皮世界 郅泛悉κ澜绀侨埭す  リゲル　カペラ　フォ`マルハウト　エルナト　 ミラ　デネブ?カイトス　シリウス  皆つながりあってる Yぶのはキミという星  助け合う瞳　地球とhる星たち 心の中でもいいから言うよ　ありがとう hり巡って　きっと　宇宙を震わせていく 荬扭い粕きてる奇Eだけを 君は光だす星　照らしてゆけ,4,转载,
2026/1/3 3:11,BV1DQi8BdE5f,AV115827147870690,【重音テトSV】Gogleマップね【Wisca】,百合D奈奈,原创,重音テト，VOCALOID，Wisca，Gogleマップね,115827147870690,38,1,31,2,194,0,3,2:10,https://www.youtube.com/watch?v=DvdgHze-Y_Y ■Music : Wisca ■Illust : ひぢき https://x.com/hidiki_1000?s=20,4,转载,
2026/1/3 3:14,BV1bRi8B9EN4,AV115827181360423,【flower】Cherry Melt Syndrome【こっつるく】,百合D奈奈,原创,VOCALOID，flower，こっつるく，RAKdK8EAOW0,115827181360423,14,0,14,1,93,0,0,3:14,https://www.youtube.com/watch?v=RAKdK8EAOW0 [Cherry Melt Syndrome]  歌:flower 他:こっつるく   #VOCALOID #ボカロ #ボカロオリジナル #flower #flowerオリジナル  もう何回目だろう 夜に息を驻螭坤韦 歪む空白がBんでく 焦点（ピント）は定まらないまま  「大丈夫だよ」なんて o任に言いかけて 静寂にくこの声が 信じられないでいるのに  ずっと望んでいたことだった あんなにxいてえたんだ 荬扭い郡nを食いしばっていた これが叶えたかったものなのか？ それを簸群簸证韦胜榻窀 後に引けないと分かってるから それでも崩れそうなSyndrome  溶ける果gのMelancholy 甘さも色も残さずに 苦しい痛み えない光 止まらないrの 零れ落ちていく~たち 答え合わせは@が舞うに MめCherry Melt Syndrome  eれる瞳の奥に 映されるのはlだろう 震う体をげる先を 知らないはずがないって  分かってるって 言わないでって Rり返したって またg`えて eみ上げたって 崩れてしまって 鼓婴焦って ^にいて 正しさなんて どこにもないって 分かってた でも怖いんだ 熟れないまま Dかないまま gらないまま 落ちる  痛みの味が滴るなら そこにあるはずだった虚空すら 消えないを透明に染める 存在の^明 0を1にする未来で つくりあげた世界に手を伸ばした  解ける真のIdentity 甘さも色も抱きかかえて 苦しい痛み えない光も MむZにして Bむ空白に境界を 静寂に彩る花をDかそう  幛蛟肖簸溶けるに 答え合わせは@が舞うに 生きるCherry Melt Syndrome,4,转载,
2026/1/3 3:18,BV1CJi8BmEZk,AV115827231688794,日刊TOP10VOCALOID排行榜， 2025年12月25日,多重人格综合症患者,原创,日刊排行榜VOCALOID,115827231688794,0,0,0,2,2,0,0,8:50,sm45785315 日刊BGM：Sol Caliente / NNI by hネコ 【sm40476343】 前日(12/24)←sm45784788　sm45785503→翌日(12/26) ★昂扭TOP3をXでまとめて_Jできます！https://tinyurl.com/4sur67rb ★チャプタ` 昨日1位#0:00?TOP10#0:36?1年前#2:56?TOP3#3:24?10年前#4:55?PICKUP#5:23  ★トップテン 10:sm45733002?9:sm45738254?8:sm45757076?7:sm45746053 6:sm45758775?5:sm45750691?4:sm45762754?3:sm45755270?2:sm45757419?1:sm45753582  ★ピックアップ（B～Fは超新着） B:sm45755694?C:sm45759998?D:sm45761553?E:sm45760054?F:sm45757567?G:sm45745906 H:sm45744299?I:sm45738782  ★プレイバック A(1年前):sm44460687?十(10年前):sm27868484?前日の第1位:?so45742235(初音ミク）  ☆集象：2025/12/18～25 5r投稿の作品（12/25 5r集） ★算式：再生×1＋コメント×最大12＋いいね！×18＋マイリスト×13 ☆プレイリスト：https://nikkantop10.hatenablog.com/entry/ar20251225?、?mylist/49271984 ★1年前トップテン：sm44475309 ★日刊トップテン踊一Eマイリスト：mylist/47849908 ☆ル`ルや算式の：https://nikkantop10-sub.hatenablog.com/entry/top10_rule ★K!!te Playlist LINK！：https://kiite.jp/user/AIST_playlist_bot ☆Twitter：https://twitter.com/VOCALO_NEWRANK ★Thread：https://www.threads.net/@lukanan_p  ◆今後の踊投稿イベント情 2025/12/28?CMソングカバ`祭2025　https://twipla.jp/events/695547 2025/12/29～31?先端映像音S表F投稿祭　https://twipla.jp/events/678401 2026/1/1～4?ボカロサビ投稿祭2026　https://twipla.jp/events/705936　※既存曲は新投稿で参加可 2026/1/10～12?ポストロック投稿祭　https://twipla.jp/events/694939,1,转载,
2026/1/3 3:20,BV1yJi8BmE54,AV115827231687881,重音テト-めりぃめりぃろんり～,あいしてよ_aishiteyo,原创,重音テト，OpenUtau，めりぃめりぃろんり～,115827231687881,5,0,1,0,150,0,1,2:32,,3,原创,
2026/1/3 3:21,BV1Bei8BMEkz,AV115827349133455,【初音ミク】ピンホ`ル【ex. happyender girl】,百合D奈奈,原创,VOCALOID，初音ミク，蝉暮せせせ，ex. happyender girl，ピンホ`ル，QGQdg59ZWk0,115827349133455,5,0,6,0,25,0,1,2:25,https://www.youtube.com/watch?v=QGQdg59ZWk0 ピンホ`ル / ex. happyender girl  "pinhole" composed by cicada_sss / 蝉暮せせせ starring 初音ミク  ★ Buy my albums on bandcamp: https://happyender-girl.bandcamp.com/  ★ Follow me on  X: https://x.com/ex_hers SoundCloud: ? ?/?user-835905698?? Spotify: https://open.spotify.com/artist/4YM4f...  ----  水タバコキメて致すコミュニケ`ション もっときもちくなれるって知ってる 私の身体にぽっかり空いた真っ\い穴から手招きしてる  理性のあるフリはバカらしい 全人古代からRり返し 好きでがって安心してたいだけ もしくは嫌いで刺し合いたいだけ  ねえ君のなかの\い血溜めをこの指で突き刺していく ねえ私のなか赤い隘路をその指でき乱して この訾诉^去も未来もない　今はそれでいい またどうでもいいことばっか考えるしてる 上擦ってQかせて吐いてそれで氦郡丹欷螭扦筏纾 意味ないことないその郅坤堡沥绀Δ坤 あとは知らんけど  苦い理解求めたって返りゃしないよ 幛仍Sしか信じられやしないよ 最低な意味を呻きナンセンス菸钉闻り い簿浃长螭胜长趣涎匀~[びにも氦郡胜い  胎婴韧じビ`トの上で踊ってんだ ばかだからgなほうがいいんだ なんでもいいんだ　暇しなら どうせなら莩证沥瑜なりたいんだ  ねえ君の腹の\い蕾をこの声で目めさせていく ねえ私の穴の赤い血潮をその声で沸き立たせて この世に^去も未来もない　多分永hに 学ばずき足らず死ぬまで同じことRり返す 上擦ってQいて解った荬摔胜盲奇窑筏い停 意味ないこの郅扦猡胜い瑜辘蓼筏い どうでもいいっつ`の,6,转载,
2026/1/3 3:26,BV1kti8BGEco,AV115827416241918,【中日字幕/MIMI】魔术之心/トリックハ`ト - feat. 重音テトSV,かた方,原创,MIMI，重音テト，VOCALOID，3774.，重音テトSV，トリックハ`ト，はるお,115827416241918,4007,1130,3687,529,21684,71,226,2:38,授权汉化、请支持正版 仅提供学习讨论请勿用于商业用途  Music MIMI @mimi_3mi  illustration， animation 3774. @bokarokaku  Mix， Mastering はるお @haluo_haluo  ――――――――――――――――――――――― 翻译：かた方 时轴、字幕：かた方 后期、压制：かた方 原放送时间：2026/01/02,7,原创,
2026/1/3 3:27,BV1RFi8BhEBt,AV115827516906202,【初音ミク】モノラジオ【kurumiruku】初投稿,百合D奈奈,原创,VOCALOID，初音ミク，sm45780120，モノラジオ，kurumiruku，クルミルクP,115827516906202,21,0,28,1,87,0,4,2:43,https://www.nicovideo.jp/watch/sm45780120 はじめまして！クルミルクPです。 初投稿になります。よろしくおいします！   音S : クルミルクP (X: @miirukurumi) MV : i々レネ (X : @rene0508wwww  Youtube :?https://youtube.com/@miirukurumi?si=fS3W12AAcmMZYmAL,6,转载,
2026/1/3 3:31,BV1dfibBwEef,AV115827533681712,【初音ミク & R音リン】ポラリスの写真群【ぐるまるはなP】,百合D奈奈,原创,R音リン，VOCALOID，初音ミク，sm45768521，ぐるまるはなP,115827533681712,16,0,13,0,70,0,4,2:04,https://www.nicovideo.jp/watch/sm45768521 お耳Aし失礼いたします  https://x.com/eap_444  曲 :ぐるまるはなP 3Dモデル :ぐるまるはなP モ`ション :ぐるまるはなP    「ポラリスの写真群」   皆にはほんの荬蓼挨欷坤瑜 昨日の三日月が_だくらいの  婴ないように露光rgつめているの  忘れないで名前を呼んでくれるだけでxいた ずっと傍でキラキラしているよずっと  散りばめた一言一言 明日には忘れちゃうんだよね？  今までの嬉しかった事全部えているよ  いつも浃铯椁胜な陇扦蓼炕幛い死搐皮れるの？だって 新しい星の方が_で人荬猡るのにね いつも浃铯椁胜にでずっとゆれて待っているの。だって 今日も偶然巡り合ってたくさん褒めてほしいからさ  今にも消えそうな星屑の明かり ずっと目をこらしてつめていた  大切そうにミクデコレ`ション アルバムにKべていた,5,转载,
2026/1/3 3:32,BV1FDibBBEak,AV115827550458140,【音街ウナ】旧?世界より。【??????】,百合D奈奈,原创,VOCALOID，sm45797757，??????,115827550458140,6,0,9,0,51,0,0,2:07,https://www.nicovideo.jp/watch/sm45797757 ??????と申します。 音Sを作りました。少しでも良いなと感じたら、いいね?マイリス?コメントで暝してもらえると、とてもとても嬉しいです。  ------------ - 旧?世界より。 - ??Vocal / 音街ウナ ??Music， Illustration， Movie / ?????? (@bariborimusha) ------------,3,转载,
2026/1/3 3:36,BV1Rri8BYEKK,AV115827063980397,[重音テト]あのバンド - 重音テトsv2,雨落窗边的玩具熊,原创,重音テト，vocaloid，Synthesizer V，结束乐队，重音teto，孤独摇滚,115827063980397,61,23,43,4,762,0,8,3:33,2026的一个稿件，祝大家新年快乐！！ Y束バンド - あのバンド vocal：重音テトSV2 调教：DAF 混音：DAF,6,原创,
2026/1/3 3:50,BV1FDibBBEh4,AV115827550458277,【初音ミク】Cult Graphy【KyoTa】,百合D奈奈,原创,VOCALOID，初音ミク，KyoTa，カルトグラフィ，sm45796471,115827550458277,22,0,34,1,195,0,1,3:19,https://www.nicovideo.jp/watch/sm45796471 "君は教祖サマ"  [credit] Music，Lyric:KyoTa Gt.Solo:skyrocket Ba:そらのような者 Dr:田E介 Mix:Kota Okazaki Mastaring:H.kin Movie:K我石木  follow me!↓ X(Twitter):https://twitter.com/KyoTa_ivi Instagram:https://www.instagram.com/kyota_ivi/  inst→https://drive.google.com/drive/folders/1ZYIkvpRoRSJoWan1TJ_pD4-m4q54aoe2?usp=sharing,5,转载,
2026/1/3 3:51,BV19Ai8BbEzJ,AV115827684677428,【初音ミク】Come_Back【グル`ヴ狂信P】,百合D奈奈,原创,初音ミク，VOCALOID，グル`ヴ狂信P，sm45795699,115827684677428,11,0,14,0,43,0,1,2:15,https://www.nicovideo.jp/watch/sm45795699 future bassLのなにか  踊ごありがとうございます！ サクノバ、いその、Hayamenoの3人で活婴筏皮い蓼 オリジナルS曲とカバ`S曲を主に投稿しています！ 是非感想やリクエストをコメントで教えてください フォロ`＆いいねよろしくおいします！  X: / ＠groove_ksd youtube: /?https://www.youtube.com/@grooveKSD,4,转载,
2026/1/3 4:20,BV19Ai8BbEKJ,AV115827684677748,【初音ミク】TRIP【ス`パ`わさびじょうゆ】,百合D奈奈,原创,VOCALOID，初音ミク，sm45795824，ス`パ`わさびじょうゆ,115827684677748,22,0,33,0,111,0,3,3:14,https://www.nicovideo.jp/watch/sm45795824 ラテンのリズムを{べながら作ってみました。 サンプルは使わず、各S器一音ずつ打ちzんだので、rgはかかりましたが、Sしかったし、ラテンのリズムの勉になりました。,4,转载,
2026/1/3 4:39,BV19Ai8BbESx,AV115827684676322,【初音ミク】初音未来的抱负【靴~】,百合D奈奈,原创,VOCALOID，初音ミク，靴~，sm45795604，はつねみくのほうふ,115827684676322,15,0,18,0,45,0,1,3:05,https://www.nicovideo.jp/watch/sm45795604 あけましておめでとうございます。 うちのミクが新年の抱を立てたみたいです。,5,转载,
2026/1/3 4:57,BV1Rwi8BFETf,AV115827701453848,【花隈千冬】みるまにあおく【レマノルド】,百合D奈奈,原创,VOCALOID，sm45795505，レマノルド,115827701453848,12,0,14,1,116,0,0,5:24,https://www.nicovideo.jp/watch/sm45795505 レマノルドですm(_ _)m W啃预稳酩ざ兢肖椁ηです。   ~?曲?: レマノルド (mylist/27913695) (HP)?https://enikaitashiro.com (X)?https://x.com/RemanolD  公式3Dモデル: つみだんご より https://hub.vroid.com/characters/2937531899550522812/models/2901856923101812286  花隈千冬?https://tokyo6.tokyo/hanakumachifuyu/,3,转载,
2026/1/3 5:04,BV1Rwi8BFEaQ,AV115827701453559,【重音テト?ナ`スロボタイプT】簸蛑Bめました【ともは】,百合D奈奈,原创,重音テト，VOCALOID，ともは，sm45792793,115827701453559,30,1,30,0,116,0,2,2:37,https://www.nicovideo.jp/watch/sm45792793 お久しぶりです。Tomohaです。   music:Tomohahttps://x.com/tomoha_bokarop?s=21 illustration:くせっけhttps://x.com/sif205?s=21 movie:レイシアhttps://x.com/reisiasekaisi?s Vocal edit:てるあ?https://x.com/teruaaaaaaaa?s=21   ふと荬扭堡心甓趣^ぎてる 何もなせず年をとっていた ずっと自分に嘘をついている 「きっといつか」が口癖だった  eれる思い ぶれる未来 Wの本音はなんだ?  ふと切れる思い 氦沥腚~ Wは何がしたかった?  「簟工瞬钉椁欷啃 さよならだね ありがとう Bめるのも勇荬坤瘸えていいかな?  これからどう生きていけばいい lか教えてくれよ 今はただ虚しさだけ残っている  ^去をFれるかもう分かっていて 悲しくなった それでも「あのr」なんて莩证沥悉胜 叶わなくても、 目指すことで手に入れられたものがある このbを握ってWはiいて行く  iんだ旅路 励んだr 後悔はひとつもない 泣いた今日も 叫ぶ明日も 全て思い出になるよ  「簟工似￥欷啃 おやすみだね ありがとう ojなんて一つもないよ 迷いは消えた  これからどう生きていくかは Wが教えてくれる 今はただ希望だけで氦沥皮い  どこにでもある物Z 特eなことなんてない それでも必死に生きようと lいている,4,转载,
2026/1/3 5:05,BV1QKi8B4EZd,AV115827718231141,【Flower，初音ミク】集中思弁室【なそに】,百合D奈奈,原创,VOCALOID，初音ミク，flower，なそに，集中思弁室，sm45795817,115827718231141,32,0,45,1,128,0,5,3:43,https://www.nicovideo.jp/watch/sm45795817 歌: Flower，初音ミク 曲}: なそに?https://x.com/hatoni3015  オフボ`カル?https://piapro.jp/t/qn4m   歌~   大婴矢幸を持っている 憧憬が掠れてしまって 信仰はもう底をついている 最奥で`る疑を暴いていく 人gになってしまう 抵抗の意味はoくなって どうやって此Iをiけ出して どうやって生きていけるか  生活の先に意味をったまま 掴みかけた言~がhくなってしまう 心^にばっかPるだけなら 足りないものすら求められない から  いてしまえ 塞いでしまえ 淀み切った思想で生をっても 情さを萑・盲皮筏蓼Δら 理想だって持っていたいんだよ 知っていない 分かっていない その次の劣等も差も虚しさも 祈り疲れているWを]ざして欲しい  存在と E外感 人形 期待 rの安堵 画面上の悲 r  再上映 思弁家の理想_ 品性と人g模 劣情 善の感 思想犯 感情の弱者でいたいと思ってしまった 今日を透かして  欠いていたい 沈んでいたい 空になった期待で幸を望んだって えなくなって腐り果てんだって 何回やったら理解するんだよ 死んでしまう 幛盲皮筏蓼 立ち止まって拒んで残Cを削いでも 怯え震えている この日々の向こうに  K末をlり立てて Rり返しのRり返しをAけて 足りない正体を逃して き直しの思考でただ生きたいだけ  去ってしまえ 剥がしてしまえ Mいでいたい 祈っていたい  いてしまえ 塞いでしまえ 淀み切った思想で生をっても 情さを萑・盲皮筏蓼Δら 理想だって持っていたいんだよ 知っていない 分かっていない その次の劣等も差も虚しさも 祈り疲れているWをSして 消してしまえ 溶かしてしまえ F方に宿ったQなど疾うに 肯定をpって解を幛工韦 分かんないんだってどうすりゃいいんだよ 沿っていたい 逸らしていたい 履き`えた理想がを`るから Sされきている ^ちの全てを _かめていたくて,6,转载,
2026/1/3 5:10,BV1XPi8BZEXt,AV115827735009262,【SF-A2 miki】error.deflection【TONE】,百合D奈奈,原创,VOCALOID，4I2xuniQY3A，TONE，miki,115827735009262,7,0,12,0,37,0,0,4:28,https://www.youtube.com/watch?v=4I2xuniQY3A my music commissions (open):  https://tone000music.carrd.co/ spotify : https://open.spotify.com/artist/2Rq0f... my social media links : https://linktr.ee/negiwave2000 support me on bandcamp : https://tone000.bandcamp.com ------------------------------------------------------------------------------------------------------------------------- lyrics (jp w/ eng translation) - ココロに送るボイスデ`タ [voice data sent to your heart] 信じていたよ [i had faith] ここでじれったく待つ [i sit here impatiently]  ここ何も存在しない [nothing exists here] 知らないけれど [i'm not sure， but] デジタル　何の意味もない [digital means nothing]  いっしょに[んだ [we played together] 秘められたのヒミツ [secrets kept away] あぁ、世界のメトロノ`ム　もう菠欷 [aah， the world's metronome is already broken]  キミのため　笑えない [i can't smile for you] この瞬gでさえも [not even in this moment] あぁ、システムが破pしているんだ [it's a system corruption]  [* = repeat 1st chorus]  コ`ド行から除外される [absent from a line of code] ハッピ`にしたもの [what made us happy] 二本の指でそれ消した [i erased it with two fingers]  日常茶事だった [it was a daily occurrence] 自分　Sせない [wouldn't forgive myself] oが高まっていく [the tension rises up]  エラ`が表示される [errors popping up] かすかな叫びとともに [along with a faint scream] 痛みボクのメモリ`へとそらす [deflects the pain onto my memory]  感情を拭い去る [emotions wiped away] ディスク啡毪丹炀Aく [the disk keeps inserting] 溶けてスクリ`ンから落ちていく??? [i dissolve and fall from the screen???]  [*],4,转载,
2026/1/3 5:20,BV1YUiaBiE6x,AV115827751787180,完璧主x / 重音テトSV,百合D奈奈,原创,VOCALOID，重音テト，ゆすけ，X7CM_DX1LFE,115827751787180,28,2,27,2,148,0,5,2:49,https://www.youtube.com/watch?v=X7CM_DX1LFE Wは十日かけて}を描いた それは{得できなかった またWは十日かけて}を描いた  それも{得できなかった  数えきれないは 数多の夜に消えて キャンバスに残ったのは 正しさにTりされた失・坤盲  完璧を求めて 完璧に菠丹 Wは理想に囚われて 不完全の魅力が狂いに えてしまって分からない  Wは十日かけて}を描いた そこに何も残らなかった またWは十日かけて}を描いた  それで心は削れ切った  {り着いた先には 答えは既にoくて キャンバスに残ったものが 残りAけることがあり得なかった  完璧を求めて 完璧に菠丹 Wは理想に囚われて 不完全の魅力が狂いに えてしまって分からない  完璧を求めて 完璧に菠丹 Wは理想に囚われて 不完全の魅力が狂いに えてしまって分からない  正しさに`られ g`いに恐れて Wに何にも残らなくて Tり直した色の下には 本当の答えがLれてた,4,转载,
2026/1/3 5:20,BV1emiaBTEs2,AV115827768564226,カウントダウン / 重音テトSV,百合D奈奈,原创,重音テト，VOCALOID，ゆすけ，h5e6zunKlCk,115827768564226,18,0,19,1,112,0,3,2:27,https://www.youtube.com/watch?v=h5e6zunKlCk 321の蟾 何何何？ 期待は膨らみAけて それだけでKわるわけないよね？ 煽り立てたZ声は  またまたまた？ 演出^多のカウントは エンタメ装う下卑たショ`  それでもWらは何も学ばず数字になって クリックTう言~はきたよね そろそろ昔にってよ  たったそれだけ？たったそれだけ？崩れ落ちた信mが トレンドになりxいたペ`ジd味は既にoくなって それで鹤悖郡饯欷鹤悖坑护昕瘠盲越感 喝采はもはや挝铯坤荬扭ず 泡沫の言~は濡らすよ世の中　  321の予告 美辞句でられた真意の亡骸 }空事だと荬扭ずに  それでもWらはPりAけた感婴 いいねの虚荬锹瘠峋・す世界さ 色褪せたままのハッシュタグ  空っぽだね？空っぽだね？使い回したその手法 特eなんか叭栅扦嗓Δ浃铯椁壕Aくル`ティンだって いっそ菠护瑁郡い盲菠护瑁骏讥恧讼颏うサプライズ 重ねた绚媳κになれず本物と区eがつかなくなった  それでKわり？それでKわり？ 救えないよ 救えないよ,4,转载,
2026/1/3 5:44,BV1tciYBtEJw,AV115827886004095,【初音ミク】自分すら【Miura Tatsuki:)】初投稿,百合D奈奈,原创,VOCALOID，初音ミク，VOCAROCK，sm45796597，Miura Tatsuki:)，自分すら,115827886004095,18,0,18,0,164,0,1,3:29,https://www.nicovideo.jp/watch/sm45796597 Music and Movie Miura Tatsuki:),6,转载,
2026/1/3 5:45,BV18qicBCE74,AV115826359338083,【中文字幕/重音テト】Voices In My Head（我脑中之音）【NIJUUGO*A】,穆肥,原创,中文字幕，VOCALOID・UTAU，重音テト，Synthesizer V，NIJUUGO*A，Kasane Teto，Voices In My Head,115826359338083,50,7,38,5,211,1,11,3:35,https://www.youtube.com/watch?v=-TqGiS4E610 原作者：NIJUUGO*A 站内搬运：BV1n2vCBCEFu --------------------------------------------- "i'm a prisoner to the voices in my head" “我是困于脑中声音的囚徒”   hi guys i'm finally back with another song! originally i wanted to get this out in november but with the release of the version 2 of the teto voice bank i decided to wait and get this song out before christmas (which i've also missed so i pushed it back to just before new years). 大家好，我终于带着新歌回来了！原本我想在11月发布这首歌，但考虑到重音Teto第二代声库的发布，我决定等待，并计划在圣诞节前发布（结果也错过了，所以又推迟到了新年前夕）。  in any case， everybody involved from the illustration and music video worked super hard on this - massive thanks to them for pulling through! and thanks to all of you for your continued support! 无论如何，参与曲绘和MV制作的每个人都为此付出了巨大的努力――非常感谢他们坚持完成了工作！也感谢你们大家一直以来的支持！  ---  CREDITS: music/lyrics/mix - NIJUUGO*A mv/animation - ?@AnotherAsianVA?  illustration - homake (https://x.com/homake1022) vocals - Kasane Teto SV2  ---  INSTRUMENTALS/STEMS https://drive.google.com/drive/folders/19uer9sYhtrkkSKO9xBIRJy5xaGhjwxZp?usp=drive_link --------------------------------------------- 翻译、打轴：枫笙 字幕、后期：枫笙 --------------------------------------------- 未经授权译制，请支持正版。 翻译仅供参考、学习讨论等，如有不同以你为准。 中译使用随意，表明出处即可。请勿用于商业用途。 ?如有错译、侵权等问题，请及时私信联系UP修正。,7,转载,
2026/1/3 5:45,BV11WiaBXE2W,AV115828020220506,【初音ミク】生者の埋葬【nishin】,百合D奈奈,原创,初音ミク，VOCALOID，nishin，sm45796047,115828020220506,22,1,29,1,86,0,1,4:24,https://www.nicovideo.jp/watch/sm45796047 お久しぶりです　もう投稿しだして１年がUつようです 少し焦ってきてはいます　  イラスト きゅこ?https://piapro.jp/t/d9p4?. Twitter?https://x.com/nishin20070811?s=21&t=n...,4,转载,
2026/1/3 5:47,BV1y4iaBDEEy,AV115828053775080,【初音ミク】薄明の色をみせてよ【すっぱいとまと】,百合D奈奈,原创,VOCALOID，初音ミク，すっぱいとまと，薄明の色をみせてよ，sm45794036,115828053775080,43,1,62,4,514,0,2,3:08,https://www.nicovideo.jp/watch/sm45794036 すっぱいとまとです。4作目です。  第32回プロセカNEXT昴S曲  あなたにとって夜明けは何色ですか  【credit】 Music：すっぱいとまと Vocal：初音ミク Illust：あすぱらなす?https://twitter.com/Dz6ZZLdr2B16EKr Movie：てるぞ?https://x.com/__rrrruri （敬称略）  【off vocal】 しばしお待ちを  【YouTube】 https://www.youtube.com/@sourtOmatO-x4o  【X】 https://twitter.com/soursourtomato  【lyrics】 朝の街は白くて 硝子をpうように 冷えた呼吸を感じて 簸訾い狭丹筏て 水面に映る空は 忙しなくeらいでいる 足Eの行方を透かしている  重なる音の狭gに めぐりめぐりあうことも 全て泡になってBんでく  昏い水の中で 六等星の彼方で @くことも笑うことも 日々はみzんでゆくかな？ ふと振り返ればそこに 私を映した景色が 明けない寂しさを背に 街はただ白んでゆくの  j踏、呼吸を思い出す えたLの訾い きっとえなくなった あの空、のY趣 ずっとが走って 影が作った道をなぞったら 柔い光が注いでる  音のかない深いで lも荬扭ない予感を信じて だから今震えるくらいだ 私は怖かったんだ けれどもうもどらないから  昏い水の中で 六等星の彼方で @くことも笑うことも 日々はみzんでゆくかな？ ふと上げれば微かに 旅路を彩る灯りが 明けない寂しさを背に 私はただiいてゆくの,5,转载,
2026/1/3 5:48,BV1SjiaBtEHi,AV115828104106662,Clanker ft. Adachi Rei,能言-Noin,原创,Adachi Rei，英术，Clanker，A plastic mind，足立レイ，VOCALOID?UTAU,115828104106662,11,3,2,1,54,0,3,2:29,原视频:https://youtu.be/QFVO1B1XI-M?si=q7qTiwjjTdEPp8HH 作者:A plastic mind 简介: I made it ?? ?????  It was my first time trying to use any vocal synthesis programs (or music making too) at all ???? ?????? (?? ?? ????) ????  I know my english is terrible， sorry about that lmao  Inspiration https://www.youtube.com/watch?v=h0-k7vW9Xek ―――――――――――――――――― 上油管乱搜搜到的 我看看什么时候翻一下,6,转载,
2026/1/3 5:52,BV1WcihBSEfT,AV115827114247526,【4K60・Hi-Res・中文CC字幕】ぐちゃぐちゃぬるぽ（乱七八糟） (feat. 初音ミク),ewmm32,原创,音乐分享官，4K，VOCALOID，日本，初音ミク，STEAKA，ぐちゃぐちゃぬるぽ，CC字幕，乱七八糟，术力口,115827114247526,64,17,26,0,598,0,12,2:11,本家：BV1GCbqzSEgf 使用Topaz Video Ai将原片1080P30f提升至4K60f Hi-Res无损是由原片有损aac音质提升至96000hz无损音质 字幕时间轴全由个人自己打的 简介： P主：STEAKA 演唱：初音未来 字幕时间轴：ewmm32 翻译：网易云音乐,10,原创,
2026/1/3 5:53,BV1MiihBdE61,AV115828607423769,Ten Thousand Stars ft. Fuiro V6 English,MandyWings22,原创,musicproducer，Vocaloid6，jpop，Music，HatsuneMiku,115828607423769,4,0,1,1,36,0,3,4:00,#Vocaloid6 #HatsuneMiku #musicproducer #Music #jpop   Credits ――――-  Credits --------------- VSQX made by: ryusouta Original Song by: CircusP Original Vocals: Hatsune Miku Edit Vers. & Mixing / Mandywings22 ft. Vocals Fuiro V6  more songs will be on the way.  All the song covers I am making it for me to help me study in music.,5,转载,
2026/1/3 6:00,BV1cUihBmEip,AV115828741637267,2026年1月3日自制榜,被洗过的蛋仔,原创,歌曲，VOCALOID，音乐榜单资讯,115828741637267,6,0,1,0,80,0,3,4:52,-,3,转载,
2026/1/3 6:04,BV1rqieBQEGG,AV115828976521615,【重音テトSV/中文字幕】死或舞/デッドアオデンス【あんたれすP】,0C的废水,原创,女仆，VOCALOID，中文字幕，奇美拉，重音テトSV，あんたれすP，デッドアオデンス，婚礼进行曲，hard style,115828976521615,71,4,71,4,320,0,15,2:07,【【重音テトSV】デッドアオデンス【あんたれすP】-哔哩哔哩】 https://b23.tv/KBqeMCg https://www.nicovideo.jp/watch/sm45746179 初めまして！ボカロPのあんたれすです！ ゴシックダ`クなEDMを作りました！Sしんでいただけたら幸いです！  ボカロhardstyle最高！ 您好！我是Vocaloid P！ 我制作了一首哥特黑暗风格的EDM！如果能让您喜欢的话，我会很高兴的！ Vocaloid（Hardstyle）最棒了！   ◆作~?作曲◆ あんたれすP X（Twitter） https://x.com/ant4res3510?s=21&t=vDWuttA3-6gmAnw3OYO8FA Youtube https://youtube.com/@ANT4RES_P?si=6WkxisDsxMENvFw9 ニコニコ踊 https://www.nicovideo.jp/user/123553509 メ`ル ANT4RES4649@gmail.com  ◆イラスト◆ びふぉあ   ----------------------------  失败的作品也没关系呀  『失∽鳌护橇激い扦工    只要活着就是成功  上出来だもん 生きてるだけ    圣人不圣，全看角度  }人なんて角度次第    人性本恶，也是人的本性  性なのもまた人の性    人类啊，没关系的  }ないね 人gさん    谁都不完美  不完全だよ lも彼も    别去期待什么  期待なんてするもんじゃない    那些虚情假意的人  所猫かぶりの者どもよ    如果有人说“你的替代者有很多”  『F方の代わりはg山居る』なら    那就放手交给他们吧  任せてちゃってもいいですの？    无聊的说教就该被抛弃  つまらない御は死刑    随心而活，耶耶耶  自分偈证松きちゃえ イェイ イェイ イェイ    这个世界如此压抑，多没意思  F屈な世界つまんないでしょ？    人生不过是一场娱乐，死或舞动  人生なんて余dさDead or Dance    在自私感情中摇摆的世界  他人（ひと）の利己的感情に  振り回される世の中じゃ    正经人也很难受吧  真面目ちゃんはしんどいでしょ？    那就自由地活着吧  だから自由に生きてみて！    无聊的说教就该被抛弃  つまらない御は死刑    按自己喜欢的方式去玩乐  好きなように[んでいけ イェイ イェイ    人生由自己决定  自分次第なのさ人生は    直到死去，尽情舞蹈  死ぬまで踊りましょDead or Dance    在此之前，来杯红茶如何  その前にt茶でも如何です？,9,转载,
2026/1/3 6:05,BV1rYieBsEee,AV115829026851072,エイリアンエイリアン  重音teto,顾童泯,原创,VOCALOID，初音ミク，重音teto,115829026851072,53,3,27,2,263,0,5,1:01,https://www.tiktok.com/t/ZTheMgnHe/ 作者:tayphox,3,转载,
2026/1/3 6:23,BV1SGi8BpETy,AV115827651122634,つきづき/ある{味料 feat.V深月&S音かも,ある{味料tyoumiryouA,原创,UTAU，原创曲，V深月，S音かも,115827651122634,54,28,28,0,214,0,4,3:13,言~[びのAきなら 曲/~/踊:ある{味料　https://piapro.jp/aruta 歌唱:V深月&S音かも  ust+off→,4,原创,
2026/1/3 6:36,BV1mLi8BnEkv,AV115827282023823,【诗岸原创】只身打马过麦田,Cos_Xita,原创,原创音乐，摇滚，电子音乐，VOCALOID中文曲，Synthesizer V，中文VOCALOID，电子摇滚，jpop，五维介质，诗岸,115827282023823,255,140,198,22,1088,5,32,3:31,曲：CosXita 绘：玉@玉   唱：诗岸  当我们身处群体之中的时候，我们是谁 当我们离开群体之后，我们又是谁 我们是具体的人吗 还是身处群体之中的抽象一员 我们如何独立？,10,原创,
2026/1/3 7:00,BV1gjieBTEa2,AV115829278572872,【R音リン】シリツボミ【オリジナル曲】 - ニコニコ踊,朔方-vocaloid专用账号,原创,ACG音乐，VOCALOID，R音リンレン,115829278572872,13,2,25,1,74,0,0,3:40,https://www.nicovideo.jp/watch/sm4816464 https://www.nicovideo.jp/watch/sm4816464 https://archive.org/details/20260103_20260103_0414 僭越ながら、ナタPの名曲アレンジ企画に参加させてきました。 一磐鸭S！ということでツア`になっているようです。   作~：つるつるP、Y花火、セト、ナタP 作曲：ナタP 曲：におP イラスト：シバションP  本家→sm3547427 シリツボミ特Oサイト http://shiritsubomi.xxxxxxxx.jp/  まいりす＊mylist/4784825 ついった＊@niotch 投稿日r2008/10/3 21:02 再生20，914 コメント445 いいね！5 マイリスト235 ニコニ诟- ギフト- コミュ：co167271 twitter ： @niotch Bj先 ： nio_adess_c5@live.jp ご依m等、何かございましたらお葺XにごBj下さい。 歌ってみた等、ニコニコ踊内であればS可なく使っていただいていません。 CDへのуh、ライブでのオケ使用などはメ`ルにてごBjください。,3,转载,
2026/1/3 7:10,BV1VMieBkEsS,AV115829295352039,【R音リン】Passage【オリジナル曲】,朔方-vocaloid专用账号,原创,VOCALOID，ACG音乐，R音リンレン,115829295352039,5,1,7,0,22,0,0,4:36,https://www.nicovideo.jp/watch/sm14678582 https://www.nicovideo.jp/watch/sm14678582 https://archive.org/details/passage_202601 ナタPです。 ニコ映跬陡逡岳搐违辚螗渐砬になりました。 イラストはkuraさんです。  6/12ボ`マス16で初C布のアルバム『Forest』уh曲になります。 ほかуh曲 『Forest』?sm14594846 『Hatsukoi』?sm14670686 『Sun』?sm14686895 アルバムクロスフェ`ドデモ?sm14629801  オケ：http://natarieinthedream.com/mp3 その他の曲：mylist/4237078 歌ってみてくれたりした方々：mylist/7934724 ブログ：http://natarieinthedream.com/ 投稿日r2011/6/7 19:16 再生13，024 コメント265 いいね！9 マイリスト516 ニコニ诟12，500 ギフト-,3,转载,
2026/1/3 7:21,BV1VpihBvEY2,AV115826812258346,【原创曲】「前世は...」feat.歌邾妤,雪[_Yukiyuu,原创,虚拟之声创作计划，VOCALOID，原创音乐，OP，galgame，情wの在り所，歌邾妤，歌爱雪，术力口,115826812258346,20,0,19,2,98,0,4,2:37,曲：雪[_Yukiyuu 歌：歌邾妤 曲绘 & PV：@情wの在り所    来自@情wの在り所  的无偿委托（但是提供了曲绘和PV，画风真的很棒！），作为视觉小说 “情wの在り所” 的OP  挺久之前写的一首比较抽象且粗糙的曲子，宿舍级混音实在一言难尽，想回去改的时候发现混音的工程被我删了（请不要给工程文件随便起名...）,9,原创,上新
2026/1/3 7:30,BV19gieBgEtM,AV115829345622109,【乐正绫原创】成为原子也不愿忘记的你 feat.心华,河砂ho_saa,原创,Vsinger创作激励计划，VOCALOID CHINA，摇滚，心华，原创音乐，乐正绫，VOCALOID，中文VOCALOID,115829345622109,43,9,19,2,357,0,8,4:07,这次好像也塞了一堆第一次尝试的东西，所以缺陷也挺多的，包括这种词作风格我绝对不想再写了（,8,原创,
2026/1/3 7:33,BV1K1iYBtE4X,AV115829614057468,虚荣屠夫的作者21年投稿的诗岸歌曲：higanbana milk tea,Crit3rion,原创,VOCALOID，MV，欧美音乐，Synthesizer V，Vane Lily，虚荣屠夫，Vocaloid，五维介质，诗岸,115829614057468,26,0,23,2,186,0,7,2:53,https://www.youtube.com/watch?v=a2a15Y04FcY,9,转载,
2026/1/3 7:46,BV1r5iYBUEtA,AV115829681230306,【初投稿】『再会』feat.初音ミク,_UmiUmi_,原创,VOCALOID，初音ミク，原创，UmiUmi，术力口,115829681230306,33,5,38,3,1048,1,6,3:40,大家好！我是UmiUmi！很高兴能给大家分享我的曲子！希望大家喜欢！(?BB?) 作曲/调教:UmiUmi 图画:UmiUmi feat.初音ミク 歌词: このままさようなら このままさようなら このままさようなら このままさようなら  授I中にの外をて lのも耳に入らない 簸沃肖摔るはずと期待するなんて 真心は嘘なのだろうか 『みんな人gなのに』 そうか？本当にそうならいいのに  菠欷拷证蛞るたびに 大人になれないまま 幼い言~は消えゆく私 自分に希望がないから ペンさえ持てない 明日のことも私を押しつぶす  rgはあまりない 力もあまりない かつての簸悉猡灰になった あるのは当たり前のこと 赤ペンで私の心をTりつぶして あなたが言う「やり直し」も 冗も全部Tりつぶして 生きることについてし合いたい 生きることについてし合いたい 自分を信じることを学びたい 苦しみをごくごくとみzんで この先どうMめばいいのか 未来なんてないかもしれない 何かを残したいから 私は叫びAけている  赤ペンで私の心をTりつぶして あなたが言う「やり直し」も 冗も全部Tりつぶして 生きることについてし合いたい 生きることについてし合いたい 自分を信じることを学びたい 苦しみをごくごくとみzんで  何度も消された作文の}名は 私に与えられた命のテ`マ  このままさようなら このままさようなら このままさようなら このままさようなら このままさようなら このままさようなら,5,原创,
2026/1/3 8:00,BV15xiYB3EDk,AV115829765046808,わかる？／N音ウルシ.ver,哒达哒达令,原创,UTAU兽人，原创音乐，日语，UTAU，UTAUオリジナル曲，N音ウルシ,115829765046808,23,4,7,1,106,0,6,0:24,Music:Me(Dailing) Mixing:Bai8Neal  Vocal:N音ウルシ  因某人 ――――――――――――――――――――――――――――  日は全部食べてしまったよ 本当に全部食べてしまったよ 食べて初めて君の真gを知った そしてもう一度、欲しくなった …あれは、なんだったんだろう？  日记全部都吃掉了啊 可就是全部都吃掉了啊 吃掉了也知道了你的秘密 后才渴望着再次拥有的 。。。是什么？,6,转载,
2026/1/3 8:04,BV15biYBuEWY,AV115829798606701,那我们三年级又算什么呢((乐正绫大人之曲),砂袈,原创,学习，数学，乐正绫，温柔，神曲，有趣，可爱，VOCALOID CHINA，三年级,115829798606701,12,2,3,1,165,2,3,0:51,灵感来源是(向日葵燃尽了_)这位老师,9,原创,
2026/1/3 8:30,BV1YbiYBuE6y,AV115829798668082,下等马―feat.爱音芙歌,夜上神冥之月,原创,爱音芙歌，下等马，术力口，openutau,115829798668082,7,0,1,0,83,0,2,1:08,ust：磷元素p 封面&原版：BV1sy7VzrESV 调教：我 声库配布：BV1bUBKBbERf,4,原创,
2026/1/3 8:30,BV17JiYBLEEB,AV115829832156606,ヴァンパイア (吸血鬼)DECO*27/初音ミク,宸汐缘OvO-,原创,VOCALOID，初音ミク，DECO*27,115829832156606,30,0,4,0,579,0,4,3:06,-,3,原创,
2026/1/3 9:13,BV1R3iiB7Eyd,AV115830100596795,【洛天依原创/新年作】深洋洗衣机,冗余-Tic,原创,VOCALOID，VOCALOID CHINA，原创音乐，洛天依，中文VOCALOID，洗衣机,115830100596795,84,28,64,4,337,1,29,3:33,词/曲/编/混/绘/视频：冗余-Tic 特别鸣谢：是抱枕的灯小姐  的洗衣机建模,6,原创,
2026/1/3 9:38,BV1PQivBwEGi,AV115830318695808,【SV语调教 默辰x青溯】庙会的礼品店 Day 1,菜地里的大白菜_,原创,Dreamtonics，默辰，语调教，SV，青溯,115830318695808,13,8,5,2,124,0,6,1:21,非常没有营养的小日常，光是剪完这一集我就已经力竭了，原本计划是搞中文社全员的，看看我有没有时间吧x  声源库形象：菜地里的大白菜 调教：菜地里的大白菜 文本：还是菜地里的大白菜,5,原创,
2026/1/3 9:44,BV1K2ivBvEHa,AV115830369027458,砸掉吧 / 可不&诗岸,妍Yuna,原创,电台新星征集令，Synthesizer V，跨语种，可不，五维介质，诗岸,115830369027458,116,48,93,12,1179,11,38,2:18,这是一首名为《砸掉吧》的自白歌曲。砸掉，指的就是砸掉这些对于生活中不满的现象或有些事，而不是憋在心里面，随着时间氧化了 说实话，我认为心情好比现实中的时间，心情越差，这种的心情就会逐渐把自己反噬，直到自己做出后悔之事，做出不属于自己的事。但我也认为心情不一定越好才越好，如同网上的过度正能量一般，这不是一个正比图像，而是另一种极端 所以，心情达到一种比较舒适的区域是最好的，做到这种事情，我们并不是把所有的舍弃追求极致，而是将逐渐腐烂的部分砸掉，将逐渐氧化的部分砸掉，防止内部生锈，在《砸掉吧》中，心情就好比这里面的铁，随着风的侵蚀，雨水的打淋，逐渐生锈，我们要做的事，就是把不满的地方给砸掉，砸向这些不公的一切 ----------------------------------------------------------------------------------------- 终于弄好了，耗时一个月，从11.30开始到2026.1.3，这途中很多事情延误了这个作品，但最终我还是想给大家带来了 作词，作曲，编曲，视觉设计，平面设计，拍摄，剪辑，pv，后期，调教，策划全是我，这次包的内容是最多的了 真的弄了很多很多的无缝转场进去，我觉得这个算是我一个里程碑式的作品了，希望大家能多多支持点点转发吧 ----------------------------------------------------------------------------------------- 忘却了 淡去着的 却又像伤口复苏着  视线迷路 分辨不出 被现实的悲伤缚了足  心情沉落了 情绪氧化着 空气弥散的 凝聚起来说着  所有不好 请都快砸掉吧 砸掉 昨日 锈蚀的旧框架 心情不随 遗憾慢慢腐化 砸向 自己 发霉的荒唐笑话  铭记了 深烙着的 却又像伤口反复着  视线迷路 看不清的 对现实的不满添痕  心情下沉了 情绪还原着 空气弥散的 散开起来说着的  所有不好 请都快砸掉吧?? 砸掉 昨日 锈蚀的旧框架 难过不随 情绪慢慢沉下 砸向 自己 生锈的自嘲苦话,6,原创,
2026/1/3 9:46,BV1M1ivBKECv,AV115830385807917,【中文字幕】你最喜欢哪个テト？/ どのテトが好き？Which Teto is your favorite?【初音ミク ・ 重音テト】,暴虐魔王-诺克Noke,原创,VOCALOID，中文字幕，初音ミク，重音teto,115830385807917,43,0,25,3,304,2,9,0:57,https://youtu.be/4RVORqyygkg?si=OgRU9VCms1WI_WPp 作者：ふたつ  5|年ぶりの投稿です。忘れ去られているかもしれません。  }　踊：ふたつ X: https://x.com/hutatsutwo  #vocaloid #初音ミク #重音テト #miku #teto,4,转载,
2026/1/3 10:15,BV1J7ivBsERH,AV115830486467784,退出？feat.可不 /  Logout? YuuRei3 feat.Kafu,YuuRei3,原创,VOCALOID，MV，音乐，Yuurei3，可不,115830486467784,52,17,61,3,277,1,9,2:58,很高兴认识你，YuuRei3!  Music/Lyric/Arrange/Mix.YuuRei3 Movie.YuuRei3 Illustration.Asuparanas,5,原创,
2026/1/3 10:19,BV1xgivBFEKR,AV115830503248366,【汐リ、知声】私は、【m?o?e】,KuroiseKai,原创,VOCALOID，知声，m?o?e，汐リ，私は、,115830503248366,11,0,13,1,46,0,0,2:55,https://youtu.be/QLvNwnZIAPk?si=jGwRQDaAxTA6v2Xp | LO-FI | DREAMCORE | WEIRDCORE | ELECTRONIC | INDIEPOP |  『私は、（汐リ + 知声）』 “I Am， (Shiori + Chis-A)”  Vocal， lyric：汐リ ( ???/?4or_shiori?? ) edit: m?o?e  bandcamp : https://m-tomi-rom.ban... x : ???/?ew5lmcowakzr2mk?? instagram : ???/?m.tomi.room?? youtube : ????/?@m.tomi.room102?? patreon : ???/?mtomiroom??  #vocaloid  #indiepop  #electronicmusic  #dreamcore  #weirdcore,5,转载,
2026/1/3 10:22,BV1WGivBZEe9,AV115830536804145,【asa】诺亚？【k0yuk!（香柚季）】,KuroiseKai,原创,VOCALOID，香柚季，k0yuk!，ノア？，asa,115830536804145,4,0,2,0,15,0,0,4:35,https://youtu.be/u8PB0cKWIOw?si=dAoygYo2SLgk5JDQ こゆきです。かっこいい曲が出来たと思います！ 考察班大Z迎です。 2026年もよろしくおいいたします！  [ off vocal ] ほんとにすみません、今度まとめて出す   【イラスト】 寄  X@huji_yori https://x.com/huji_yori  k0yuk! X@KOYUKI____X_X https://x.com/KOYUKI__...  Instagram＠KOUIKI____X_X ???/?koyuki____x_x??   【歌~】  私のとこへ来るか 悲しみは断ち切れるか Гこの手をとれ 悟があるのなら 今与えてやろう永hのrを  Rをるな 己の姿\く染まる眼球がまた 痛み出すのはRをた代だろ 妞乔澶幛  空から零れAくその海水が人々を溶かし消えゆき 腐〕簸する地球がまた  私を救ってください その船に私も\りたいの 溺れるまであとどれくらい？ 忌まわしい^去とはなんの事でしょうか いやはやそこの人々と同じにしないで  さようなら私の郅筏啃  いいえ 私が助けて民をГ 神というものはしてしてして 雨が降ったのなら世界を逆さまにしよう 海は空へwんでって船は落つる  Rをたな 己の\い身体 それは事gなんだ 光はもうoい ^から突き刺さる\い\い\い罪(つの)  空から零れぬまま足訾想へと浃铯 其Iには人gが居たんだ それなら私もここで  私のとこへ来るか 悲しみは断ち切れるか Гこの手をとれ 悟があるのなら 今与えてやろう永hのrを  そこでていろ私はもう魔だ  きっとこんなんじゃ人にれない 今\るのだ さあしてしてして 方舟に居るのはRと私だけだ 燃えさかる地をたもうれない,5,转载,
2026/1/3 10:26,BV1y3ivBbEvs,AV115830553646515,【m舞モカ】Last present【the 143】,KuroiseKai,原创,VOCALOID，m舞モカ，the 143，Last present,115830553646515,9,0,7,0,35,0,0,2:35,https://youtu.be/lwd1sapLypE?si=-qG621N2eN_uRHdz the 143 - 『 Last present 』 demo music video.  Lyrics & Composition & Video : ic Vocal : Synthesizer V2 m舞モカ,4,转载,
2026/1/3 10:37,BV174ivBEEnK,AV115830587134521,【重音テト】落日凝视者【きの(@きのP)】,真子777,原创,UTAU，VOCALOID，重音テト，犬气明，サンセットゲイザ`，老物，重音テッド，きの(@きのP)，术力口，重音ted,115830587134521,47,2,15,1,144,0,13,4:10,sm22008182 その心も?この夕のにえていればよかったのかな?  テトの日`！犬荬丹螭纫痪wにお祝い！  イラスト?踊：犬菝鳌mylist/12886734 ~?曲：きの（@きのP）→mylist/16228395 mp3やらオケやら→http://piapro.jp/t/hP2r  リツQ→sm22021820  ??以上为原曲简介 原曲名：サンセットゲイザ` 投稿日期：2013/10/10 播放量：10703 弹幕数：125 犬气明带ted玩好评,10,转载,
2026/1/3 10:59,BV1YXieBrEB2,AV115830754907268,【初音ミク】我是地球人【SHOE】,精神安定,原创,VOCALOID，初音ミク，地球人です，SHOE,115830754907268,126,5,129,12,1186,0,13,2:12,https://youtu.be/CATNhi5-nfk 宇宙人は??    ?? Vocal : 初音ミク ?? All Creative Works by SHOE   / s4oes      ある点からればそれは `恐らくn拥膜扦るにせよ` それなりの理にtっているものだった そう信じた  人的な痛みは月Kみ？ 歪みも人Kみ？  そんなこと考えたとて どれほどの意味があるのかは分かんないけど 底のえた日々で Wの住む世界から消えていった  ⒚で足るお喋りに dじてる知人ABCD 私も例外なく 代入可能なABCD いつのgにか曜日も日付けも解けてしまった 膨していく白昼簸斡钪妞沃肖 意Rだけが残って   私は、太に照らされることも、 予感めいた勘をSしむことも、 唯の簸沃肖侨てを生み出すこともできる そうね、私は地球人！  だからお前が 座摔慰瘠盲坑钪嫒ABCD 私も例外なく 护à椁欷堪k明ABCD 今、何|回とRり返されてきてしまった 拉致のあかないこれを、 白昼簸斡钪妞沃肖侨てして回った   ある点かられば `それは恐らくn拥膜扦るにせよ` それなりの理にtっているものだった そう信じた  ⒚で足るお喋りに dじてる知人ABCD 私も例外なく 代入可能なABCD いつのgにか曜日も日付けも解けてしまった 膨していく白昼簸斡钪妞沃肖 意Rだけが残って,4,转载,
2026/1/3 11:01,BV1DfieBqE8d,AV115830956300135,【重音teto原创曲】什么都不想干【jihizeng】,jihizeng,原创,原创音乐，utau，teto，重音teto，术力口,115830956300135,4,2,2,0,26,0,2,2:28,写的最长的一集。,5,转载,
2026/1/3 11:15,BV1S6vQBSEVo,AV115819413573570,【初音ミク】GO!GO!MANIAC【ゆた。】,枝田摩,原创,VOCALOID，初音ミク，GO!GO!MANIAC，ボカロアニソンカバ`祭り2016，ゆた。,115819413573570,3,1,4,0,16,0,0,4:11,sm27969425 2016/1/9 19:00投稿  ボカロアニソンカバ`祭り2016参加曲  今となっては昔、かしき曲をSしくやらせていただきました`　ｂｙゆた。  Composer:Tom-H@ck Lyric:大森　祥子 Player:ゆた。(@yutamaru0157/mylist/51291247) Illust:チャック神田(@ChukkuKanda)  sm27632046←前　次→sm28119244,5,转载,
2026/1/3 11:25,BV1C3ivBbEcj,AV115830553643033,【薪mL季】我让maki录了哄睡语音哦【UTAU】【HANASU】,暴龙战斧,原创,安眠，男低音，UTAU，哄睡，HANASU，薪mL季,115830553643033,3,3,2,1,6,0,2,4:20,原视频作者：@@菜ナナイ    翻译是通过原视频提供的cc字幕（虽然下载的视频没有字幕）用AI+个人理解翻译的。如果有翻译错误的地方还请在弹幕上帮忙改正啦。还有请多多支持原作者！  原视频标题：【薪mL季】まっき`に添い寝ボイスやってもらった【UTAU】【HANASU】 原视频链接：https://youtu.be/FOgs4gq6SHM?si=0oNTjZfs3cBITvGB? 原视频简介： まっき`のイケボを生かせられるのは歌だけじゃない！  こんばんは、@菜ナナイです。  今回は HANASU やってみました。YouTube の投稿としては初めてですね。  正直、添い寝ボイスっていったら声さんがやるものですが、きっとイケボのまっき`なら上手くやってくれる…！ と信じてやったものの、L文がめっちゃyしかったです。 もし字幕なし一kで全部き取れたら完璧な HANASU 耳だと思います… 答え合わせは、字幕 (日本Z / 自由成でない方) をどうぞ…  とにかく、まっき`ファンのみなさんはキュン死しないようお荬颏膜堡啤  voice→薪mL季 (Whisper CVVC)  ※ちなみに、イコライザ`とノイズ除去も少々使ってます。  {声 / 踊 / 字幕→@菜ナナイ,6,转载,建议晚上观看_(:з」∠)_
2026/1/3 11:27,BV1pLiqBeEBK,AV115831342105731,【洛天依原创】创伤从未被记住,有时p,原创,Vsinger创作激励计划，VOCALOID，原创音乐，洛天依，VOCALOID CHINA，MV，有时p，youship，中文VOCALOID，创伤,115831342105731,50,12,31,2,235,0,16,3:21,词曲编录混剪：@有时p   混的一塌糊涂 调教：@有时p   pv：@有时p   念白：@有时p    重置的时候找洛天依人声文件怎么也找不到，于是想着可能是在ACE里，但是我ACE会员到期了，于是去某鱼买了个会员发现还是找不到，后来总算是在xs上找到了...一半 直到...做视频才发现洛天依人声初版根本就不是我调的，难怪找不到文件呢??????,10,原创,重置曲
2026/1/3 11:32,BV1fsiqBtEN5,AV115831442901367,【诗岸原创】南山落下梅花时我不会想到她,Kintsugi33,原创,新人，原创，音乐，记录，Vocaloid，五维介质，诗岸,115831442901367,2,4,1,0,8,0,2,1:24,1.刚开始学，凭兴趣写写。 2.刚买了诗岸，我喜欢warma！ 3.期末周适合写歌，但是我什么都没学，所以我应该标题加个【暂别作】倚老卖老。 4.歌词只有我自己能看懂 5磅十五便士,7,原创,
2026/1/3 12:00,BV1jtiqBxEZs,AV115831476323771,【自主制作MV】チ`プなプロパティ／重音テト（ホントみたいなウソver）-フロクロ【Aviutl】,七厘米柠檬,原创,VOCALOID，重音テト，フロクロ，チ`プなプロパティ，ボカロ，aviutl,115831476323771,1,0,0,0,3,0,0,0:46,https://youtu.be/4t_dLrGpj7c?si=i4B2TKp8afjZDgd6 发布日期:2023年5月4日 作者:あいこ`すふぃあ / IcoSphere }があれば消去します。 ───────── 原曲(きましょう) / フロクロ:https://sp.nicovideo.jp/watch/sm42037950?redirected=1      BV1cT421v7nL #aviutl ────────────────── （我又搬了一个这曲子的二创）,6,转载,
2026/1/3 12:00,BV1E2iiBsEUd,AV115831593898447,Light yagami sings King- kanaria | Yuusame,yuusame_shabi_20,原创,vocaloid，kanaria，light，jpop，King，anime，deathnote，yagami,115831593898447,8,2,0,0,64,0,3,0:18,#King #kanaria #jpop #vocaloid #light #yagami #deathnote #anime,8,原创,
2026/1/3 12:00,BV1QfiiBLEpL,AV115831728046528,【里石ユカ】ル`プザル`ム,天使重,原创,音乐，校园，娱乐，UTAU，ル`プザル`ム，里石ユ力,115831728046528,0,0,0,0,4,0,0,2:15,原MV:BV1zBq6BuEyH 原作者原话：くるくるくりかえす Music， Lyrics: J? (https://twitter.com/rusino777) Movie: Tuhttps://twitter.com/yotsugimei) Vocal：初音ミク Background images: AdobeStock， BOOTH (Medama Soft **) https://booth.pm/ja/items/7586362 This music was posted on o色透名祭3 in niconico. * Streameing services https://linkco.re/4HYZQc65?lang=en *niconico ver. https://www.nicovideo.jp/watch/sm45739389 * YouTube ver. https://youtu.be/icBDYkfxpMs *Instrumental 2mix: https://piapro.jp/t/BZiJ Mastered: https://piapro.jp/t/24Ax *Stem data https://www.dropbox.com/scl/fo/erc1bkatta5ktd0xyjp3u/ AFri_Ju1McbwYEotZjMgdKQ? rIkey=q0o71ootom18d3aa7ot6s9xp7&st=n1f2c3ct&dl=0,6,转载,
2026/1/3 12:00,BV1H7ivBsEWM,AV115830486472537,在りたい港へ / feat. 音街ウナ,rwiiug,翻唱,原创歌曲，原创，VOCALOID，日语翻唱，Synthesizer V，ボカロ，音街ウナ，VOCALOID音乐，音街鳗,115830486472537,4,0,1,0,6,0,1,2:36,在りたい港へ / feat. 音街ウナ To the Harbor Where I Belong / feat. Otomachi Una  簸淠摔虮Гしめて。 大海原を越えて、在りたい港へ！  Holding dreams and goals close， We sail across the vast ocean to the harbor where we belong.    INFO ￣￣￣￣￣￣￣￣￣￣￣￣￣￣￣￣￣￣￣￣￣￣  Vocals : 音街ウナ / Otomachi Una (Synthesizer V2)  3D Model : Synthesizer V AI 音街ウナ公式モデル https://3d.nicovideo.jp/works/td93486   Music and Video : Rwi?https://twitter.com/rwiiug   ★ Inst. & More!?→?https://www.patreon.com/posts/147249482/    Lyrics ￣￣￣￣￣￣￣￣￣￣￣￣￣￣￣￣￣￣￣￣￣￣  目指す港が oいような　航海をしていたんだろうなって まだ何者でもないけど　旗を上げる　後悔をしないように  eらぐ水面に　透明な日々に 形が溶けていく 形が溶けていくんだ　その前に　前に  簸淠摔稀〕晒Δ韦郡幛袱悚胜て? 自分を嫌いに　ならないために  Mめない理由だけが? 上手にえていて　上手にえていても 行き先の名は知らずとも　波の音に兢盲  どんなLも　味方にするんだ 自分を信じて　大海原を越えて  大海原を越えて　大海原を越えて 大海原を越えて　在りたい港へ    Lyrics (ENG) ￣￣￣￣￣￣￣￣￣￣￣￣￣￣￣￣￣￣￣￣￣￣  I guess I’d been sailing?? Like there was no harbor I was aiming for? I’m not anyone yet， but I raise my flag So I won’t be left with regrets  On the wavering water’s surface Inside these transparent days My shape is melting away?? It’s melting away ― before that， before that  Dreams and goals aren’t for the sake of success?? They’re so I won’t end up hating myself  Only the reasons I can’t move forward Keep growing so neatly But even if they keep growing?? Even if I don’t know the name of my destination?? I’ll follow the sound of the waves  With every wind on my side Believe in myself and cross the vast ocean  Cross the vast ocean， cross the vast ocean Cross the vast ocean， To the harbor where I belong   ￣￣￣￣￣￣￣￣￣￣￣￣￣￣￣￣￣￣￣￣￣￣,9,原创,
2026/1/3 12:08,BV1N8iwBMEdu,AV115825856027218,【Mei05】]が乾くまで【UTAUカバ`】,ジピク,翻唱,音乐，UTAU，COVER，]が乾くまで，直到眼泪流尽，Mei05，いよわ,115825856027218,52,12,52,4,486,0,5,3:31,Original:https://www.youtube.com/watch?v=1LBbOldnZcA Illustration:Sonata07 UST:薄命 Mix:ジピク Tuning:ジピク Movie:ジピク Vocal:Mei05 (hifisampler)  ??Wishing you a wonderful birthday， Sonata!,7,原创,
2026/1/3 12:14,BV1i1ieBjEWf,AV115830771679648,DECO*27『妄想感代B盟』Vo. 歌爱ユキ & 初音ミク,しもも,原创,VOCALOID，初音ミク，DECO*27，日语，歌爱ユキ,115830771679648,6,0,2,0,103,0,2,4:31,Music : DECO*27 Vocal : 歌爱ユキ & 初音ミク    あいやいや`！    没更新的时候全去玩魔裁了。。。。,5,原创,
2026/1/3 12:30,BV1pVicBFE6x,AV115826627712620,【人力奥斯华】ファシネイタ`/施魅者（UTAU Cover）,Oswald兔子大爷,翻唱,MARETU，人力，COVER，UTAU，ファシネイタ`,115826627712620,15,2,5,2,295,0,0,3:20,本家 BV1H1vaB1E53 UST 某只泽 使用了厘子的自制声库 其实不怎么听马热土的，但这首实在吸引人…… 稍后会补上中文字幕（点头）,5,原创,
2026/1/3 12:37,BV1HgihBCEc2,AV115826678044496,【vFlower】ファシネイタ`（MARETU）【ひな?】Arrange,百合D奈奈,翻唱,MARETU，COVER，VOCALOID，flower，ファシネイタ`,115826678044496,144,7,121,8,1030,1,8,3:14,https://www.youtube.com/watch?v=ZF16Mj8BQAg -1 Key Arrange / BPM: 140  本家: MARETU ?? ???【初音ミク】　ファシネイタ`　【オリジナル】??  ごd味があればご自由にどうぞ（OffVocal） https://xfs.jp/Dw4c7UNU  #vocaloid #vflower,5,转载,
2026/1/3 12:38,BV1WPihBmE2K,AV115826745152831,【utau翻调/竹鹿ロリ】エイリアンエイリアン/ ナユタン星人,我是土鳖大王,翻唱,エイリアンエイリアン，ナユタン星人，竹鹿若离，竹鹿ロリ，翻调，utau，术力口,115826745152831,19,3,3,0,384,0,4,3:03,MUSIC:ナユタン星人 ust:沙_ンラップ pv背景：毛毛熊要吃人辣 封面/pv：me（做pv真的好累） 演唱：竹鹿ロリ @竹鹿若离  来品鉴 我不管我最喜欢的p主（之一）是ナユタン星人（另一个是极恶p） ナユタン星人赛高！！！！！！！！！ 我要做ナユタン星人一辈子粉丝！！！！！！！,7,原创,
2026/1/3 12:45,BV1pKihBjEGm,AV115826795479557,光速用POPY翻调了MIMI的新歌『トリックハ`ト』,凌若爱摸鱼,翻唱,翻唱总动员，MIMI，Synthesizer V，籁谓Y唱 POPY，トリックハ`ト，新歌，翻调，POPY,115826795479557,74,9,29,5,767,0,31,2:37,看到MIMI发新歌于是光速用POPY翻调了（） 刚调完就迫不及待的发出来了，先听个响属于是（）有空混完再发正式版（） 作词：MIMI 作曲：MIMI 编曲：MIMI 调：凌若,8,原创,
2026/1/3 12:47,BV1toi8BpEV2,AV115827097474288,【人力明日方舟】三月与狼少年【缄默德克萨斯】,Gelato_浅音,翻唱,明日方舟创作者应援计划，明日方舟，缄默德克萨斯，人力vocaloid，三月と狼少年,115827097474288,49,14,26,2,400,0,4,4:03,原曲：三月と狼少年 音乐：n-buna *歌词翻译出自：https://www.bilibili.com/opus/962217032468660249 up主：时光旅人passerby  猛掐小德宝宝脖子。。,5,原创,
2026/1/3 13:33,BV18Di8B4ED9,AV115827164583993,【人力刀剑乱舞/审神者音声】あの夏のいつかは。,Yaku_Unofficial,翻唱,御手杵，刀剑乱舞，同田贯正国，あの夏のいつかは，审神者，山伏国广，人力刀剑乱舞，人力vocaloid，刀婶,115827164583993,14,9,2,1,150,0,3,4:09,*视听注意：刀婶，有自设审神者和中之人音声  总而言之我20岁了。  あの夏のいつかは 本家：*Luna ust：ヤマダ。 翻调：药师 cover：药师/同田贯正国/山伏国广/御手杵 illust：圈圈  本来想剪vlog的但是一翻相册没找到什么能用的素材（,9,原创,
2026/1/3 13:43,BV1ooibBYEJP,AV115827483350501,【补档 / av634948】【9人合唱】orange,句号_OvO,翻唱,初音未来，翻唱，VOCALOID，合唱，av634948，オレンジ(ト`マ),115827483350501,44,1,15,0,346,693,4,4:09,原视频编号:av634948 原视频来源:sm21286377 原视频上传者:蛇舌骨（UID:479858） 原视频上传时间:2013-07-06 12:08 最终数据:播放:16904 | 弹幕:717 | 硬币:80 | 收藏:540  赤ティン sm19767810  いずみかん sm19654857  伊 sm19634831  エコ sm19687569  96猫 sm19657482  こまん sm19842712  池切れ sm19762571  灯油 sm20388701,6,转载,さよなら。
2026/1/3 14:00,BV1Sgi8B9EQo,AV115827667899824,天黑黑 - 洛天依 ( Cover: 孙燕姿 ),稻草人丨没有心,翻唱,Vsinger创作激励计划，洛天依翻唱，老歌，洛天依，孙燕姿，中文VOCALOID，天黑黑,115827667899824,11,0,5,0,126,0,1,4:03,,7,原创,
2026/1/3 14:01,BV1iriaB3E7Y,AV115827835667813,【狼音アロ】ホワイトハッピ` 【OpenUtau Cove】,熙颜熙,翻唱,狼音アロ，OpenUtau，木刀口。，Utau，maretu，Furry，ホワイトハッピ`,115827835667813,5,0,3,0,33,0,0,3:50,ust作者不知 歌:狼音アロ 调:我 中文字幕本家:BV1qwqrYVEsZ 如有侵权，请联系删除 ―――――――――――――――――――――― 依旧陈年老库存。ust作者也因为是好久之前的库存我给忘了。,7,原创,
2026/1/3 14:11,BV1T4iwBgEfg,AV115825822470779,《Lemon》中文填词“迷失在时间长河深处的你我皆行者”【艾尔法 feat.乐正绫】【米津玄师】,业务不精_你是草,翻唱,虚拟之声创作计划，中文填词，米津玄师，X Studio，15_26，纥奚Z瑜，中文VOCALOID，LEMON，艾尔法，非自然死亡,115825822470779,82,19,55,2,779,2,13,4:17,“能否逃离宿命所设” 《Lemon》中文填词 演唱：@艾尔法Alpha  feat.@乐正绫 V3 填词：@15_26  &@纥奚Z瑜   混音：@耀光之杖   调教/PV：@业务不精_你是草  曲绘来源：Miz团一（BV1T841127b3）  特别不感谢：纸屑 ―――――――――― 和三位大佬合作了很高兴w 好词啊好词 很感谢耀光老师的混音！救我渣调――,10,转载,
2026/1/3 14:15,BV1BiiaByEcW,AV115828154435798,【五维介质全员】“比十年更早之前，我便歌颂着明天”《十重告别》,Star__P,翻唱,虚拟之声创作计划，VOCALOID，星尘，Synthesizer V，赤羽，妄想症，泠珞，零羽，五维介质，诗岸,115828154435798,256,99,149,13,1504,0,38,3:17,“突破第四面墙的制约，无需再怀念断壁残垣。”  【STAFF与歌词信息】 《十重告别》 演唱：五维介质全员（星尘Infinity、赤羽、苍穹、诗岸、海伊AI、永夜Minus、牧心AI） 本家：BV1k3S7BkEag 策划・作词：@雨狸 作曲：@DELA_P @崩坏Sovietsy 编曲：@潜移默化♀浅姨磨花 、崩坏Sovietsy 调校：@Star__P   混音：@PhiraP   绘制：@Lune_月 视频：@owen-z 特别鸣谢：@零羽TvT,10,原创,回归作：“突破第四面墙的制约，无需再怀念断壁残垣。”
2026/1/3 14:23,BV1ayi8BhE8Q,AV115826963253307,【没起名】プレイ（Play）【UTAU COVER】,面糊丸子,翻唱,虚拟之声创作计划，COVER，プレイ，utau，giga,115826963253307,28,7,7,4,436,0,7,2:39,UST作者：みつしば  一切都起源于四字谐音梗口球禁令所以， 限定条件四字改三， 假设定义为每人都口了一下mrvd的首字母边控就可以得到： 均缘口。  ↑差点就当名字填进标题了 不起名字的当事家长：@MirroredVoid    混音，好难。,5,转载,
2026/1/3 14:33,BV1r8iaBUEbg,AV115828221544209,【乐正绫】 《冬日》I“花与雪相遇停住的四季，编织冬日的序曲“,洛仙P,翻唱,Vsinger创作激励计划，翻唱，VOCALOID，乐正绫，VOCALOID CHINA，ACE studio，冬日,115828221544209,48,21,20,2,171,0,6,3:51,《冬日》 原唱：SNH48 作词: 郭德紫毅 作曲: Mu_Chan  翻唱：乐正绫 调/混/视：洛仙P 曲绘来源:Vsinger,7,原创,
2026/1/3 14:42,BV1DLiwB2EhH,AV115825671407846,【重音テト】施魅者【UTAU Cover】,u0_a138,翻唱,MARETU，重音テト，UTAU，施魅者，Cover,115825671407846,17,2,6,1,188,0,2,3:19,UST：@Jinbiii   原版：BV1H1vaB1E53,5,原创,
2026/1/3 14:43,BV1RPiaBiEaJ,AV115828506761790,【DECO*27】棉花糖 UTAU重音TETO UTAU COVER,转生屠夫,翻唱,DECO*27，翻调，重音teto，术力口,115828506761790,1,0,1,0,18,0,0,2:55,原曲：棉花糖（DECO*27） sing：UTAU重音teto 调：转生屠夫,4,原创,
2026/1/3 14:43,BV13bihBhE9W,AV115828624201728,音街ウナV4 using Vocaloid 6 [ Gothic & Loneliness ],MandyWings22,翻唱,独立音乐，hatsunemiku,115828624201728,0,0,0,1,22,0,0,5:00,#独立音乐[话题]# #hatsunemiku[话题]#  Credits ------------------- Vocals: 音街ウナ  Vocaloid 6 Tuning & Mixing by: MandyWings22 (Me) I just got into music this year for song covers I am addicted.   Composer: なるしまたかし - Narushima TakashiMovie: @羽りん - Sau Rin,2,转载,
2026/1/3 14:53,BV1gbihBhErS,AV115828624198083,[utau teto]爱拼才会赢,豪运氯花,翻唱,闽南语，经典，openuatu，台语,115828624198083,3,2,2,0,16,0,2,3:44,midi:https://www.midishow.com/midi/191759.html?s=595801 midi是midishow找的 然后用openutau自己稍微改动了改动 由于没什么时间也没有精力，所以只是做出了大概，并没有仔细推敲调音 制作劣质,4,转载,
2026/1/3 14:54,BV1xrihBpE1g,AV115828758485677,［UTAU虎牙音おゆぽ］カイコ/DECO*27,会飞的六腿青蛙,翻唱,音乐分享官，兽人，VOCALOID，虎牙音おゆぽ，DECO*27，UTAU，翻调，踊，カイコ，furry,115828758485677,24,3,12,0,546,1,3,2:40,本家：BV1mCy8B6Esm 伴奏：BV1pS1mBWEtB ust配布：疑z   为什么我的狼音用不了QAQ,10,原创,
2026/1/3 15:00,BV1TvihB4Ey8,AV115828557088988,【UTAUcover/音源测试】你可能没听过的死感低音少年音_ダガ`【◇Ares_希死念]-】,真白千夜_,翻唱,虚拟之声创作计划，翻唱，日文，日语，COVER，UTAU，翻调，音源测试，oc，可不,115828557088988,11,4,9,1,322,0,3,2:57,◇UST/扒/微调：我 ◇Vocal：◇Ares_希死念]-（自音源） ◇神之本家：蟹木しとお 桑（https://b23.tv/mGWRis5） ―――――――――――――――――― ??基本完全、没调pit 只是搞了就听个响自存发发（被打 只是自存档的音源测试，没有混音直接录的 （*所以有任何奇怪的地方都属于正常）,10,原创,【UTAU cover】ダガ`【◇Ares_希死念]-】
2026/1/3 15:10,BV1AyihBnE22,AV115828791968832,【ヴェント` h音オト ぽよろいど 九州そら】歌うbot【UTAU cover】,Desumo-特丝茂,翻唱,UTAU，COVER，芬多，九州宇宙，原口沙辅，Poyoroid，Defo妹，人力UTAU，人机，无生物音源,115828791968832,25,0,5,0,262,0,1,2:02,原版：【【足立レイ】演唱bot【原口沙o】-哔哩哔哩】 https://b23.tv/1XVu93L UST from：https://www.nicovideo.jp/watch/sm43797704 翻译from：巴哈姆特 曲：原口沙辅 Movie：Desumo VO：ヴェント`（人力单独音） h音オト（单独音） ぽよろいど（连续音） 九州そら（连续音）,10,原创,
2026/1/3 15:25,BV124ieBbEA2,AV115828825528276,【UTAUcover+ust】コチリナ【花めしく】,}御なみ,翻唱,COVER，UTAU，えくしい，コチリナ，ust配布,115828825528276,26,6,7,0,233,0,5,2:20,一段时间前找永D老师委托的ust 大家请用 什么？你只是来展示小孩qq人的吗？ original: えくしい https://www.nicovideo.jp/watch/sm45636067 借用了本家pv ust: 永Dみつき vocal: 花めしく  ust下载↓ https://mit2uki.top/ust,5,原创,
2026/1/3 15:36,BV1UJieBPE4f,AV115828909410226,【ボカロファミコンL】チ`プなプロパティ／重音テトSV【Chiptuneアレンジ】,七厘米柠檬,翻唱,VOCALOID，重音テト，フロクロ，チ`プなプロパティ，重音テトSV，8-bit，Chiptune,115828909410226,59,3,51,0,255,0,5,2:55,https://youtu.be/ES36cAaeQ38?si=nTOSUYYmMC5bVpU3 ?ごじょうだん！  フロクロ(Frog96)さんの『チ`プなプロパティ（ウソみたいなホントver）』をゲ`ムLにチップチュ`ンカバ`アレンジしました。  原曲:BV1cT421v7nL --- #チ`プなプロパティ #8bit #重音テト  （简介部分删减）,7,转载,
2026/1/3 15:41,BV12WieBhEJV,AV115828926187380,【薪mL季】最终之所【UTAUカバ`】,暴龙战斧,翻唱,UTAUカバ`，COVER，UTAU，最终之所，サイハテ，薪mL季,115828926187380,6,2,3,1,68,0,1,2:47,原视频标题：【薪mL季】サイハテ【UTAUカバ`】  原视频链接和简介： https://youtu.be/AmUkCY2Jk2k?si=AAXx4B0jG_OcTWeR  18 こ目。たおやかな恋でした。 本家：小林オニキス【初音ミク】サイハテ 【アニメL PV?オリジナル曲【sm2053548】 お借りした ust：cheesum 【sm31030227】 カバ`：薪宫L季_boredom,6,转载,
2026/1/3 15:59,BV1CYieBsEAv,AV115829026854275,【重音テト】ファシネイタ`（施魅者）【UTAUカバ`】,PolestarP,翻唱,虚拟之声创作计划，MARETU，重音テト，UTAU,115829026854275,74,22,39,6,478,0,10,3:19,本家：MARETU https://www.nicovideo.jp/watch/sm45782449 https://www.youtube.com/watch?v=UShV3NXq00U 搬运：BV1H1vaB1E53 字幕视频：BV1YNvvBzEe6 UST：某只泽@某只泽   Vocal：重音テト 调音：PolestarP 混音：严@Potato__chiP   ―――――――――――――――――――― 听到MARETU新歌便萌生了想调的想法，在昨天下午调好的，无奈撞车了hhh 同时也推荐一下繁雨秋老师@繁雨秋  （我超级喜欢的老师！）的版本BV1E5vfBDEL3,4,原创,
2026/1/3 16:11,BV1khieBdEaL,AV115829043627474,【洛天依】箱庭灯火,晨希露梦,翻唱,Vsinger创作激励计划，洛天依翻唱，VOCALOID CHINA，洛天依，Vsinger,115829043627474,7,1,4,0,41,0,1,3:35,BV1WNB1BcEti ―――――――――――――――― 扒，调：晨希露梦 自己找的扒谱，这个视频本来是作为学校的元旦晚会节目的，顺带发下（） 学习SV中.....,5,原创,
2026/1/3 16:26,BV1mcicBMEVu,AV115826493556856,【苏联金曲 / 星尘INFINITY】永别了，我最后的爱情（中文填词）（Прощай навеки， последняя любовь ）,神Qg世界,翻唱,虚拟之声创作计划，苏联歌曲，中文翻唱，音乐，星尘，苏联，Synthesizer V，社会主义，中文VOCALOID，星尘infinity,115826493556856,35,7,28,2,558,0,10,4:24,永别了，我最后的爱情（Прощай навеки， последняя любовь ） 翻唱：星尘 视频：BV1MH4y1N7rH 封面：BV1yFAke9EEK ―――――――――――――― 歌词： 黑夜走在这城市降临 而我却早已经忘记了日期 我把桌上的蜡烛点亮 而你的身影仿佛就在我身旁 一次又一次的回忆 仿佛我还没失去失去你 一次又一次在我脑海回想起 一次又一次的回忆 仿佛我还没失去失去你 一次又一次在我脑海回想起 再见我的爱 旧日早已不在 永别我的爱 悲伤难以释怀 我真挚的爱 为何你不为我等待 永别我的爱 一去不回来 我们相遇的奇迹 是多么美好的令人难以忘记 我曾经那么坚定的确信 似乎你我永远注定在一起 并非夏日你我约定 多么美好美 好的约定 向日葵摇曳似乎你我永不分离 并非夏日你我约定 多么美好美 好的约定 向日葵摇曳似乎你我永不分离 再见我的爱 旧日早已不在 永别我的爱 悲伤难以释怀 我真挚的爱 为何你不为我等待 永别我的爱 一去不回来 再见我的爱 旧日早已不在 永别我的爱 悲伤难以释怀 我真挚的爱 为何你不为我等待 永别我的爱 一去不回来,10,原创,"
"
2026/1/3 16:48,BV11evCBQEvh,AV115796747550969,【Q花ミコト】Masked BitcH【VOCALOIDカバ`】,花海品,翻唱,,115796747550969,4,1,1,0,27,0,1,3:44,,0,转载,
2026/1/3 16:52,BV1ffiYBmEh2,AV115829194627110,【乐正绫翻唱】【中文填词】青春期症候群（cover：Y束バンド）,星萤火Starfirefly,翻唱,VOCALOID，乐正绫，中文填词，翻唱，Y束バンド，vsinger，青春コンプレックス，孤独摇滚,115829194627110,14,1,7,1,249,0,0,1:24,红发主唱吉他手，会是谁呢（ 作词: 靠 作曲: 音羽-otoha- 编曲: 三井律郎 演唱：乐正绫,8,原创,
2026/1/3 16:55,BV1FZiYBJEGK,AV115829211404461,【星尘】下山,ddrddt,翻唱,星尘，翻唱，Synthesizer V，下山，五维介质，星尘infinity,115829211404461,15,0,8,0,824,0,3,3:01,尘：V4开发我在场，ai声库我指挥  （封面是ai生成捏）,6,原创,
2026/1/3 17:00,BV1vTieBVEJy,AV115829312192834,【洛天依】我的一个道姑朋友 一厢情愿 有始无终,纪弦清玄,翻唱,你创作的天依，古风，VOCALOID，VOCALOID CHINA，洛天依翻唱，洛天依，中文VOCALOID，我的一个道姑朋友,115829312192834,13,4,8,1,123,1,7,4:37,我的一个道姑朋友 原曲[一番星]   填词原翻 Lon 编曲 羽毛田丈史 翻译 锦玉盒子 作词 陆菱纱 扒带 秋风MusiX  后期 刘嘉伦 绘图 粟原 视频 hisa镜 翻唱 洛天依 调校 纪弦清玄 #你创作的天依# @洛天依,8,原创,
2026/1/3 17:06,BV1AXiYBXENF,AV115829530169645,[翻调] ただ声一つ feat. R音レンV4X-Power,簸P,翻唱,MIMI，COVER，R音レン，VOCALOID，ただ声一つ,115829530169645,6,2,3,0,96,0,0,2:41,原曲:ロクデナシ - ただ声一つ https://www.bilibili.com/video/BV1Ji4y1R7Af/ 使用Vocaloid 6软件进行调教 R音レンV4X-Power演唱 Words， Music & Arrangement：MIMI,5,原创,
2026/1/3 17:08,BV14CiYBfEum,AV115829563791475,[全曲]Silly Terror X 延误列车（1nori_remix）,爱疯_v,翻唱,IA，混曲，VOCALOID，ラグトレイン，延误列车，1nori，Silly Terror，R~遥mashup，r-906,115829563791475,55,14,38,5,497,0,5,3:33,R~ / ラグトレイン (RE. 1nori) BV1Lg411v7xU 1nori_祈的个人空间-1nori_祈个人主页-哔哩哔哩视频  ______________ 【IA :[R]】シリ`テラ`（Silly Terror）【r-906】 https://www.youtube.com/watch?v=Yqze0FkZiAU  シリ`テラ` (Silly Terror)  [credit] vocal / IA :[R] https://ia-rebreath.com/ music / r-906 https://x.com/arukuremu illustration / Pensil. https://x.com/to_rishima character design / Pensil. movie edit / r-906 movie direction / r-906， Pensil.  [streaming] coming soon !  [off vocal & stems] https://drive.google.com/drive/folders/1_M6I1FMBpYcAuVmVg2AWQsn9uPHoPCj6?usp=share_link,10,原创,
2026/1/3 17:14,BV1HViYBJEJZ,AV115829630833753,【补档 / av441132】【初音粤语】万水千山总是情【清风之恋】,句号_OvO,翻唱,VOCALOID，粤语，清风之恋，初音ミク，初音未来，av441132，万水千山总是情，2013，老物,115829630833753,39,0,18,0,325,1623,2,4:19,原视频编号:av441132 原视频来源:新浪 原视频上传者:清风之恋（UID:192829） 原视频上传时间:2013-01-15 07:04 最终数据:播放:90846?|?收藏:374?|?评论:213?|?弹幕:2213,9,转载,
2026/1/3 17:21,BV1cjiYBEE7n,AV115829664518905,【新葛平COVER】这世界那么多人（工程录屏）,梦中的非自然学生,翻唱,葛平，COVER，翻唱，生活记录，莫文蔚，记录，utau,115829664518905,4,0,1,0,20,0,0,4:47,断断续续做了俩月了 感觉副歌调得还行,7,原创,
2026/1/3 17:23,BV1sNiYBRERF,AV115829714719969,我的悲伤是水做的 【UTAU水絮】COVER,转生屠夫,翻唱,翻调，术力口,115829714719969,0,0,0,0,13,0,0,2:34,USTX:转生屠夫 调：转生屠夫 耳扒谱累s我了,2,原创,
2026/1/3 17:33,BV1vWiYBkER6,AV115829781889490,【薪mL季】4nim0sity|99.999999999%|【UTAU COVER】,兴味ない,翻唱,薪宫风季，COVER，UTAU，4nim0sity|99.9999999，UTAU COVER,115829781889490,34,13,17,3,197,1,10,3:40,曲：イチ UST ：orchid vocal：薪宫风季breathy・shota・languid  做视频做的好累、、,5,原创,
2026/1/3 17:37,BV1jJiYBLESe,AV115829832159186,［祈音ミモ］ハルノ寂寞［UTAU Cover］,祈音ミモ_Official,翻唱,COVER，VOCALOID，祈音ミモ,115829832159186,14,4,4,1,124,0,10,3:10,本家https://youtu.be/mFih47l1pVI UST：月灯ケイジ pv：@Dawn_神S绫音  调教：雪花,3,原创,
2026/1/3 17:39,BV1E7iYB2EGS,AV115829848934163,【染温グレ`】{子と虎【UTAU COVER】,_2164,翻唱,COVER，UTAU，{子と虎，染温グレ`，UTAU COVER,115829848934163,11,2,4,1,74,0,4,2:07,Misic：Misumi Ust：Pifuyuu Vocal：染温グレ`  好久之前的我投一下，，,5,原创,
2026/1/3 17:40,BV1LpiYBVEmm,AV115829865710725,【g宫侑】ブリオニズム【UTAU COVER】,_2164,翻唱,COVER，UTAU，ブリオニズム，YTAU COVER，g宫侑,115829865710725,7,0,1,0,47,0,1,2:18,Music：イチ Ust：Alt236679 Vocal：g宫侑,5,原创,
2026/1/3 17:46,BV1FfivB4EeN,AV115829966373956,【Retire】平荬胜螭扦工璞镜堡恕UTAU COVER】,_2164,翻唱,COVER，UTAU，平荬胜螭扦工璞镜堡耍Sohbana,115829966373956,13,2,1,0,48,0,0,2:52,Music：Sohbana Vocal：Retire Other：Eyu,4,原创,
2026/1/3 17:50,BV1FFiiBdE5L,AV115830016704784,【生音タグイ】Ordinary 【utau cover】,靛庄,翻唱,生音タグイ，Ordinary，utau，utau兽人，Police Piccadilly,115830016704784,1,0,1,0,7,0,0,4:16,站内搬运：https://b23.tv/SFmd5DP ust：某只泽 歌手：生音タグイ 调音：靛庄,5,原创,
2026/1/3 17:53,BV1Q7iiBVE3R,AV115830033483560,【人力UTAU/まふまふ】ファシネイタ`/施魅者,世界を恨んでいる,翻唱,UTAU，まふまふ，人力VOCALOID，MARETU，唱见，ファシネイタ`，施魅者，mafumafu,115830033483560,41,10,12,2,452,0,9,3:19,本家：https://www.youtube.com/watch?v=UShV3NXq00U ust：某只泽  你们知道吗我太喜欢这首了没忍住又拉了呃啊，相性怪好的但是哥似乎从来没唱过土的歌！,8,原创,
2026/1/3 17:56,BV195iiBLE6a,AV115830134150470,这个房间是你和我的世界|UTAU cover,Nemuli_Zzz,翻唱,UTAU，COVER，音源配布,115830134150470,9,2,2,0,39,0,0,1:51,原曲：忍     室内 UST:彳亍 REIM 原音O定：甘霖 {：碎匿 中之人：我 L：我 pv：我,3,原创,
2026/1/3 18:00,BV1UCivBqEoJ,AV115830201390142,[重音テト]Fluorite Eye's Song(Cover)/薇薇 -萤石眼之歌-(Synthesizer V翻唱),奶牛P_,翻唱,COVER，音乐，翻唱，重音テト，Synthesizer V，SV，Vocaloid，重音teto,115830201390142,3,0,1,0,24,0,0,5:37,本家：www.youtube.com/watch?v=2qcvp5nE4Lc&list=RD2qcvp5nE4Lc 主唱：重音テト 和声：Megpoid Gumi/小春六花/星尘infinity 翻调混：@奶牛P_,8,原创,
2026/1/3 18:00,BV1giivBGEfk,AV115830285142224,【R音リン】病み垢ステロイド/病郁账号类固醇【Cover】,xluiinx,翻唱,COVER，翻唱，かいりきベア，VOCALOID，R音リン，病み垢ステロイド，病郁账号类固醇,115830285142224,29,6,15,0,387,0,5,5:40,ust ?L木ヒロメ/{ 本家 BV1Ty421a7Qh 不会做mv 随便摆几张得了（）,7,原创,
2026/1/3 18:03,BV1pXivBhEo1,AV115830301984193,【籁谓Y唱 POPY】魔术之心/トリックハ`ト【Synthesizer V Cover】,凌若爱摸鱼,翻唱,翻唱总动员，MIMI，Synthesizer V，籁谓Y唱 POPY，トリックハ`ト，魔术之心，翻调，新歌，POPY,115830301984193,35,9,20,3,286,0,18,2:37,实在等不及了于是起来把正式版做好了还描改了一下当做曲绘（） 翻译是我自己翻译的可能有错误（） 曲绘描改致歉 原曲:sm45795157 作词：MIMI 作曲：MIMI 编曲：MIMI 调/混：凌若,9,原创,
2026/1/3 18:11,BV1ttvCBdEsm,AV115796814596113,【Q花ミコト＆v flower】Gears of Love【VOCALOIDカバ`】,花海品,翻唱,COVER，VOCALOID，Meika mikoto，鸣花尊,115796814596113,6,0,1,0,23,0,0,4:20,https://m.soundcloud.com/mokkaizumii/meika-mikoto-flowergears-of-lovevocaloid-cover 原音频简介：VSQ by : CheezItsAreYummy www.youtube.com/watch?v=gNdTtD8ybAc  this is like... my fav song back in middle school， i just love it so much aaaa ;;;;;;,4,转载,
2026/1/3 18:16,BV1K2ivBvEkS,AV115830369026345,【言和V5】游山恋 我欲迎风再留住几步，怎舍寒冰吹动我痛楚,xingxingtreasure,翻唱,Vsinger创作激励计划，VOCALOID CHINA，言和，VOCALOID，游山恋，vsinger,115830369026345,7,3,4,0,59,1,1,2:06,原唱：海伦 翻唱：言和 曲绘图源：vsinger官方,6,原创,
2026/1/3 18:43,BV11UivBPEq7,AV115830419490210,UTAUcover/シリ`テラ`/ロウム,秋良_akira,翻唱,COVER，UTAU，ロウム，竖版视频,115830419490210,19,4,6,1,55,0,2,0:51,本家：r-906?https://youtu.be/Yqze0FkZiAU?si=bVif7BbGt9kd0wYq ust：拾夜K夜 {声?mix：秋良 歌：ロウム　vintage2 サムネ：いもむし伯爵（配布立ち}使用）  k型踊です {べたらkの踊でもbilibiliに投稿できるっていてあったから投稿してるんですが、投稿方法がg`ってる（もしくはeの方法がある）龊稀⒔踏à皮い郡坤堡毪刃窑い扦,4,转载,
2026/1/3 18:48,BV1xUivBPEor,AV115830419429609,用lace拾音器录遥远的paradise？,臭豆腐不是小傅,翻唱,COVER，翻弹，SOLO，Beyond,115830419429609,0,0,0,0,5,0,0,4:14,,4,转载,
2026/1/3 18:51,BV1nEivB9Ei5,AV115830469695063,sleep sheep syndrome/初音ミク・重音テトCover,叶明珀Maple,翻唱,ヒトリエ，VOCALOID，初音ミク，重音テト，COVER，Synthesizer V，sv2,115830469695063,32,6,19,2,312,0,5,2:47,翻调了最近喜欢的歌，好久不画画了，时隔好几个月终于又画了。。。 画，调，扒，pv，混 都是自己,7,原创,
2026/1/3 19:01,BV11givBFEsa,AV115830503314948,[初调教/狼音アロ] 化けの花/UTAU COVER,瓶中刃嗽,翻唱,狼音アロ，COVER，UTAU，狼音阿罗，OPENUTAU，诡化之花,115830503314948,10,3,6,0,134,0,1,1:57,站内搬运:BV12xyaYHEm2 翻译出处:PJS字幕组 低精度还原了半成品pv 初调教 不好听,6,原创,
2026/1/3 19:20,BV1s3ivBbE7H,AV115830553581316,Can GachapoidV3 sing 01_Ballade ? Let’s find out. !,MandyWings22,翻唱,musicproducer，Vocaloid6，Jpop，HatsuneMiku，vocaloid3，songcover,115830553581316,1,0,0,1,18,0,0,0:44,#Jpop #vocaloid3 #HatsuneMiku #musicproducer #songcover #Vocaloid6   I've been watching to much Hazbin Hotel ， it sure has helped me out so much to use my Vocaloid 6 ! ???? I am using a the Unpopular GachapoidV3 let's see if I can Revive him.  Credits ------------------------------------- GachapoidV3 Trail Demo Voice,6,转载,
2026/1/3 19:37,BV1ZwiiBWE23,AV115829999931182,【籁谓Y唱 PASTEL】云雀【Synthesizer V Cover】,黑肘高松灯,翻唱,VOCALOID文艺复兴，型月，COVER，|浦由记，云雀，VOCALOID，二世事件簿，Synthesizer V，籁谓Y唱，邦邦,115829999931182,12,2,10,0,131,0,2,4:39,词：|浦由记 曲：|浦由记 专辑：RUST/雀/光芒 歌：ASCA 翻调：我 剪辑：@鬼岛Homaro   |浦由记是神――,10,原创,
2026/1/3 19:42,BV1EJiYBLEUk,AV115829832159684,我已经就此停服啦！ - サ终あざした 中文填词【重音テトSV2】,煤炭MaTan,翻唱,翻唱总动员，填词，重音テト，中文填词，停服啦，あばらや，avaraya_p，サKあざした,115829832159684,24,10,11,1,181,0,4,3:21,就在那一刻 氐啄ǔ了  原曲：あばらや BV1r43tzZEpZ 翻填：煤炭MaTan 歌唱：重音テト SV2 歌~自取 耸驹出,8,原创,
2026/1/3 19:53,BV1L8ivBjEzp,AV115830620690245,【默辰】蟾蜍【SynthesizerV Cover】,雪银_Ciol,翻唱,COVER，Synthesizer V，默辰，蟾蜍，Evalia,115830620690245,109,28,32,7,710,0,5,3:00,Original by 三无Marblue BV1kUBoB8E1z  Music: Evalia-爱娃 Lyrics: 黑金雨 Vocal: SynthesizerV 默辰 Mix: Ciol,5,原创,
2026/1/3 19:59,BV1qHivBQEf7,AV115830637529200,【o/星愿】在血管中扩散 回忆与约定是病原体「tい猡ぁ固畲省就孪 feat.aruma】,sHiki_08,翻唱,VOCALOID，COVER，百合，中文填词，Synthesizer V，无法向星星许愿的恋情，この恋を星にはわない，吐息，{月なくる，紫のあ,115830637529200,10,4,3,1,70,0,5,2:53,本家：「tい猡ぁ 吐息 feat. aruma ust：KrmNami（bowlroll.net/file/346082） 插画：紫のあ 「この恋を星にはわない」  填词/调教/混音：我 （虽然挺模糊但歌词故事的确源自漫画《无法向星星许愿的恋情》  ※不完全反映原作，主要来自当初看前十三话的体验，纯自嗨（就当我是说了梦话调了歌最后拿紫老师的图打tag硬蹭，??????,10,原创,完结纪念
2026/1/3 20:00,BV1aRieBgE2a,AV115830738131638,【洛天依】《今生缘》我们今生有缘在路上,离真_lizhen,翻唱,Vsinger创作激励计划，怀旧，VOCALOID，洛天依翻唱，VOCALOID CHINA，洛天依,115830738131638,31,4,13,2,116,0,5,5:00,演唱：洛天依 调教：昕声寄语 混音：kk柯南 视频：离真_lizhen,6,原创,
2026/1/3 20:00,BV1iUieB5E5K,AV115830805238469,【补档 / av601342】【威L炸裂少女】威L堂堂×{炸裂少女【mashup】,句号_OvO,翻唱,初音ミク，IA，VOCALOID，MASHUP，浆炸裂ガ`ル，威风堂々，av601342,115830805238469,45,0,32,3,430,236,2,2:54,原视频编号:av601342 原视频来源:sm21101231 原视频上传者:紫金凤爪拌双色雪球（UID:17849） 原视频上传时间:2013-06-13 14:00 最终数据:播放:6750?|?收藏:109?|?评论:14?|?弹幕:242,7,转载,
2026/1/3 20:08,BV14NivBYE9t,AV115830889124992,６番ホ`ムから、一人ぼっちがkします。（うた：ずんだもん）[俊达萌][?L],电气鲸,翻唱,俊达萌，ずんだもん，电气鲸，６番ホ`ムから、一人ぼっちがkします，?L,115830889124992,12,0,4,0,53,0,0,1:00,https://youtu.be/3Y86RhvzVJg?si=uROCulxaZJj6yqG1 站内本家 BV1n44y1t7DG,5,转载,
2026/1/3 20:19,BV1gyiqByE4h,AV115831023343433,【utau翻调/雪狼ユツ】ナユタン星人 - 心灵研,我是土鳖大王,翻唱,VOCALOID，ナユタン星人，COVER，雪狼ユツ，翻调，utau,115831023343433,8,0,0,0,62,0,1,3:07,作曲&作词：ナユタン星人(NayutalieN) 插画：ナユタン星人(NayutalieN) 视频：ナユタン星人(NayutalieN) ust作成/あるま 演唱：雪狼ユツ @雪狼UT   拜拜我要休眠去了,6,原创,
2026/1/3 20:33,BV1RqiqBJEFH,AV115831040251738,放下一个cover然后什么都不说,路过的一条狗鸦,翻唱,COVER，VOCALOID，UTAU，日影黎，我真的觉得老爸调的太牛了不发对不起所有人，但他为啥这样，这种红色的生物最可怕了，大哥你收敛一点,115831040251738,14,2,1,1,50,0,0,3:22,UST：木村P 混调：肺~ vocal：日影黎 本家：梅とら  ----------------------------------- 请大家多多支持他下海了（没下） 只是觉得他的声线是不是很适合这种曲子然后亲妈对男人犯了错，对不起，下次可能还会犯的但是下次的事情下次再说，话说回来rap的部分太帅了求求大家都去听我老爸的神调！！！！！！！！！,8,转载,
2026/1/3 21:16,BV1gzivBgEmU,AV115830184482984,【籁谓Y唱 HALO】洞穴生活 - Kikuo【Synthesizer V Cover】,Light_Lawliet,翻唱,HALO，きくお，VOCALOID，COVER，初音ミク，Synthesizer V，籁谓Y唱，伊藤美来，BanG Dream!，弦卷心,115830184482984,53,26,28,2,336,0,15,6:00,*建议佩戴耳机食用*  Kikuo - あなぐらぐらし sm33556145 / https://www.youtube.com/watch?v=I15sK7dNMOM 又窄又小的，洞穴的生活。  ust：Anaguragura Tune/Mix：?@Light_Lawliet  特别感谢?@沃里斯不兰特   老师  在与混音的搏斗中跌得粉碎了(:з」∠),10,原创,
2026/1/3 21:17,BV136iqB7Eha,AV115831073669524,【洛天依】“在废墟镌刻下永恒誓言”/群星下的游荡者（cover）,Transilent,翻唱,Vsinger创作激励计划，翻唱，VOCALOID CHINA，洛天依翻唱，洛天依，VOCALOID，COVER，誓言，中文VOCALOID，废墟,115831073669524,10,2,4,0,33,0,4,3:39,本家：BV1x5J1zuEQm/@Calia_林焰  /星尘 翻调：Transilent 在高潮部分做了一些实验性的改编，希望你们喜欢。  曲名：《群星下的游荡者》 作 / 编 / 词 / 原调 / 原混 / PV：Calia_林焰 原演唱：星尘Infinity,10,原创,
2026/1/3 21:24,BV1P9iqBBEpX,AV115831124002908,【Vェカズ｜UTAUカバ`】ヤクシ（野狗子）,电子天妇罗-,翻唱,COVER，Vェカズ，utau，UTAUcover，Peg，野狗子,115831124002908,10,0,2,0,32,0,0,3:27,本家）Peg ust pit）韦迫A vocal）Vェカズ other）ふ零,6,转载,
2026/1/3 21:27,BV1KSiqB3Etu,AV115831174336428,[初音miku翻调]可塑性记忆ed―《朝霞星火》,贾正经一二,翻唱,翻唱，可塑性记忆，初音ミク，VOCALOID，miku，催泪，朝霞星火,115831174336428,4,2,1,1,10,0,2,1:23,视频来源：BV1Yf4y1G7Wk 伴奏来源：BV15W411478Z 一边调音，一边回忆最后摩天轮里的那一幕，直到现在还是感觉难受。,7,转载,
2026/1/3 21:30,BV1yLiqBeEEq,AV115831342175431,【洛天依】龙的传人（1979小样版）,MrSolt,翻唱,VOCALOID CHINA，洛天依，侯德健，龙的传人，Vsinger，ACE Studio,115831342175431,2,0,1,0,21,0,1,3:06,词/曲: 侯德健 演唱: 洛天依 调教？: 糖先生 曲绘: 灰鲸Orz  图文关联性弱.,6,原创,
2026/1/3 21:32,BV1LhiqBWEKL,AV115831375662948,【东方栀子】蟾蜍??（short ver）,酥酥芝士玉米皇,翻唱,翻唱，三无，东方栀子，UTAU，COVER，Diffsinger，open uatu,115831375662948,3,0,1,0,14,0,1,1:02,调/混：我 midi：しょりん 本家：BV1kUBoB8E1z  刚听到这首就爱上了……！近期最喜欢的新曲，忍不住马上就想给栀子调一下（）非常感谢老师的midi,7,转载,
2026/1/3 21:41,BV1qbiqBREMr,AV115831392502283,【奥尔菲斯人力翻调】妄想伤感代偿联盟,炒柿奥菲,翻唱,第五人格昨日之笼，人力，VOCALOID，同人，第五人格，小说家，utau，妄想伤感代偿联盟，术力口，奥尔菲斯,115831392502283,8,2,1,0,33,0,3,1:37,-,10,原创,
2026/1/3 21:51,BV1qbiqBREdJ,AV115831392507388,【ロウム】グ`フ?ホ`プ（UTAU COVER+UST),垂杨柳正拔东Z,翻唱,COVER，UTAU，グ`フ?ホ`プ，Goof Hope，UST,115831392507388,17,10,5,1,81,0,4,2:39,本家//い?どっと UST・他//Orious DL:https://bowlroll.net/file/342622  看见红毛男我就吻上去了，顺便剪了个跳绳晒，ust是早就做完的了我顺道配了！,5,原创,
2026/1/3 21:56,BV15eiqBHEbS,AV115831409214019,[内海青叶]「Hello， Worker」 (蔚蓝档案人力）,宇g星宿,翻唱,人力VOCALOID，UTAU，人力，Hello，蔚蓝档案，内海青叶，Worker,115831409214019,3,0,1,0,20,0,0,3:57,UST: sm18215361 本家:KEI    sm15488191  https://www.youtube.com/watch?v=qO9BGX5fEz8,7,原创,
2026/1/3 22:00,BV17xiqBoEZZ,AV115831493100015,【MAYU】施魅者/魅惑者/ファシネイタ`,スパ`クピ`_official,翻唱,PV，TETO，COVER，VOCALOID，ファシネイタ`，施魅者，mayu，maretu，马热土，术力口,115831493100015,5,1,3,0,67,0,1,3:19,-,10,原创,hi
2026/1/3 22:12,BV1v9iiBUEMj,AV115831509882811,【UTAU cover 】死生活【安 -夜-】,吧唧只想摸鱼,翻唱,VOCALOID・UTAU，COVER，安-夜-，安遥utau，术力口，死生活,115831509882811,2,1,2,0,9,0,0,2:50,https://www.youtube.com/watch?v=Rc7QuR04jqI 「夜」  ──  新音源配布、そして婴扦尾渭婴扦埂  歌唱 : 安 - 夜 - N配布所→ https://note.com/ankaichi/n/n28d00f16...  夜(よがらす)は、「^去の安摇工颔ぅ岍`ジしてуhされた青年声の女性音源。 若さを感じさせる自暴自な歌声が特铡  G2/D?3/A3/D?4の通常4音Aに加えて、半笑いでуhしたD?3/A3、D?4のverが2Nの表情音源4N入り、8音源で成された多音ABA音です。  切り出しVCやエッジ母音?Z尾エッジ、ロングト`ン、喉切母音、吸うZ尾、息を吐くZ尾、金切りに近い吸うZ尾、吐き韦皮胝Z尾、自然にKわるZ尾、余あるZ尾、息を吐いて吸うZ尾、息を吸う音、息を吐く音、Lく吐く音、Lく吸う音　と、多くの特殊音素がуhされています。  何卒よろしくおい致します。  ──  本家 : syudou (?? ???【初音ミク】死生活【syudou】??) UST : 七田 柳  {声/ MIX : 涌井庵室  マスタリング : 安 イラスト/踊 : 安窑斡堰_  #utau #安 #弱uta合2025 #弱uta合2025_ #utau音源配布,7,转载,
2026/1/3 22:17,BV1adiiB7EBR,AV115831560210624,【正小豆】ファシネイタ`【COVER】,water1_b0t,翻唱,VOCALOID，COVER，魅惑者，蛊惑者，ファシネイタ`，施魅者，不是这个小豆为啥这么萌，VOCALOID COVER，正冈小豆，正小豆,115831560210624,6,0,4,0,32,0,1,3:19,本家：MARETU VSQX：Jinbiii / BV1wTiMB7EBV ――― 调混：我 ――― 很棒的VSQX！！！！！   小豆强得萌得我好像都不用画啥参数了嗯对我去这个小豆怎么这么萌啊我去！,10,原创,
2026/1/3 22:21,BV1imiiBXEq1,AV115831576987107,【Ayame】メルト Short ver.,RyoRight,翻唱,Synthesizer V，メルト，ayame,115831576987107,7,6,1,0,30,0,0,1:43,买了ayame都没投过稿子，随便摸一个视频出来顺便测试一下参数,3,原创,
2026/1/3 22:22,BV1YdiiB7E44,AV115831560209021,[SV2 重音テト] ひねくれ者 (乖僻之人),_TANGE,翻唱,COVER，重音テト，Synthesizer V，ひねくれ者，ryo,115831560209021,0,0,0,0,3,0,0,2:37,试试teto sv2 pv来自歌姬计划mega39s+,5,原创,
2026/1/3 22:33,BV1bKiqB6EqB,AV115831644099246,【重音テトSV】把回忆拼好给你,西斯界,翻唱,重音テトSV,115831644099246,0,0,0,0,0,0,0,6:22,,1,原创,
2026/1/3 22:52,BV1XfiiBLEHc,AV115831728051500,超心动?宣传部 /「超最强」/ N音ウルシ short ver.,苍米,翻唱,COVER，日语，日语翻唱，N音ウルシ，Utau,115831728051500,6,4,1,2,20,0,4,0:31,我上次调音是上次,5,原创,
2026/1/3 22:55,BV18AiqBkEkq,AV115831744763137,【至死（自制声库）】少女A（UTAU COVER）,至死_芝士,翻唱,COVER，翻唱，自制声库，自设，少女A，utau,115831744763137,2,4,2,1,7,0,2,4:02,ust by 永Dみつき music：椎名もた  翻调：至死 vocal：至死,6,转载,
2026/1/3 22:56,BV1DwiqBVEz2,AV115831761607246,【籁谓Y唱 AVER】热异常【Synthesizer V Cover】,御寒药柳,翻唱,COVER，翻唱，AVER，Synthesizer V，岙常，籁谓Y唱,115831761607246,1,0,1,0,1,0,0,4:02,svp：miko,6,原创,
2026/1/3 23:01,BV1hwiqBVE4e,AV115831761540862,【人力噬血代码】杰克・拉瑟福的泪/ナミダ【UTAU COVER】,Chocolate_巧酱,翻唱,MARETU，COVER，人力，UTAU，自制，杰克・拉瑟福，CODE VEIN，ナミダ，噬血代码,115831761540862,3,2,3,0,6,0,0,4:05,「彼らはけらけらと嗤って　宝物を全部、Zい取るだけ。」          作品类型：人力翻调曲 原曲出处：sm38767428 中文翻译：春道_Harumichi 字幕借用：SenaRinka 调/混：Chocolate_巧酱 绘：ifi_ ust：Mimisan15 Vocal：ジャック・ラザフォ`ド Original：MARETU,9,原创,
2026/1/3 23:04,BV12tiiBiEJN,AV115831795089716,【重音テト】プレイ（play）【UTAU调声晒】,成为钻公后与世界为敌,翻唱,重音テト，翻调，utau，重音teto，术力口,115831795089716,0,0,0,0,1,0,0,1:05,本家：giga ust：みつしば vocal:重音テト 调声：我,5,原创,
2026/1/3 23:09,BV1N8iwBMEdu,AV115825856027218,【Mei05】]が乾くまで【UTAUカバ`】,ジピク,翻唱,音乐，UTAU，COVER，]が乾くまで，直到眼泪流尽，Mei05，いよわ,115825856027218,52,12,52,4,486,0,5,3:31,Original:https://www.youtube.com/watch?v=1LBbOldnZcA Illustration:Sonata07 UST:薄命 Mix:ジピク Tuning:ジピク Movie:ジピク Vocal:Mei05 (hifisampler)  ??Wishing you a wonderful birthday， Sonata!,7,原创,
